# human_b — Parcel W-1 generated humanoid visual mesh.
# Generated by scratchpad/w1/humanoid.py. Visual only: every geom that
# references it is contype=0 conaffinity=0 density=0.
v 0.08252 0.08250 0.86966
v 0.07142 0.04446 0.86958
v 0.04118 0.01660 0.86799
v -0.00010 0.00641 0.86529
v -0.04134 0.01660 0.86223
v -0.07151 0.04446 0.85961
v -0.08252 0.08250 0.85814
v -0.07142 0.12054 0.85822
v -0.04118 0.14840 0.85981
v 0.00010 0.15859 0.86251
v 0.04134 0.14840 0.86557
v 0.07151 0.12054 0.86819
v 0.08252 0.08250 0.86966
v 0.08844 0.07500 0.46059
v 0.08036 0.04733 0.46053
v 0.05837 0.02708 0.45937
v 0.02836 0.01966 0.45741
v -0.00164 0.02708 0.45518
v -0.02358 0.04733 0.45328
v -0.03159 0.07500 0.45221
v -0.02351 0.10267 0.45227
v -0.00152 0.12292 0.45343
v 0.02850 0.13034 0.45539
v 0.05849 0.12292 0.45762
v 0.08043 0.10267 0.45952
v 0.08844 0.07500 0.46059
v 0.00000 0.08250 0.86390
v 0.02843 0.07500 0.45640
v 0.08854 0.07500 0.45878
v 0.08049 0.04733 0.45846
v 0.05848 0.02707 0.45759
v 0.02843 0.01965 0.45640
v -0.00163 0.02707 0.45521
v -0.02363 0.04733 0.45434
v -0.03169 0.07500 0.45402
v -0.02363 0.10267 0.45434
v -0.00163 0.12293 0.45521
v 0.02843 0.13035 0.45640
v 0.05848 0.12293 0.45759
v 0.08049 0.10267 0.45846
v 0.08854 0.07500 0.45878
v 0.08821 0.07500 0.06335
v 0.08229 0.05468 0.06311
v 0.06613 0.03980 0.06247
v 0.04406 0.03435 0.06160
v 0.02199 0.03980 0.06072
v 0.00583 0.05468 0.06008
v -0.00009 0.07500 0.05985
v 0.00583 0.09532 0.06008
v 0.02199 0.11020 0.06072
v 0.04406 0.11565 0.06160
v 0.06613 0.11020 0.06247
v 0.08229 0.09532 0.06311
v 0.08821 0.07500 0.06335
v 0.02843 0.07500 0.45640
v 0.04406 0.07500 0.06160
v -0.00857 0.07500 0.09810
v -0.00888 0.05985 0.09156
v -0.00975 0.04875 0.07369
v -0.01094 0.04469 0.04928
v -0.01213 0.04875 0.02487
v -0.01300 0.05985 0.00700
v -0.01331 0.07500 0.00046
v -0.01300 0.09015 0.00700
v -0.01213 0.10125 0.02487
v -0.01094 0.10531 0.04928
v -0.00975 0.10125 0.07369
v -0.00888 0.09015 0.09156
v -0.00857 0.07500 0.09810
v 0.18089 0.07500 0.07759
v 0.18064 0.06334 0.07256
v 0.17997 0.05481 0.05882
v 0.17906 0.05169 0.04004
v 0.17815 0.05481 0.02126
v 0.17748 0.06334 0.00752
v 0.17723 0.07500 0.00248
v 0.17748 0.08666 0.00752
v 0.17815 0.09519 0.02126
v 0.17906 0.09831 0.04004
v 0.17997 0.09519 0.05882
v 0.18064 0.08666 0.07256
v 0.18089 0.07500 0.07759
v -0.01094 0.07500 0.04928
v 0.17906 0.07500 0.04004
v 0.08252 -0.08250 0.85814
v 0.07142 -0.12054 0.85822
v 0.04118 -0.14840 0.85981
v -0.00010 -0.15859 0.86251
v -0.04134 -0.14840 0.86557
v -0.07151 -0.12054 0.86819
v -0.08252 -0.08250 0.86966
v -0.07142 -0.04446 0.86958
v -0.04118 -0.01660 0.86799
v 0.00010 -0.00641 0.86529
v 0.04134 -0.01660 0.86223
v 0.07151 -0.04446 0.85961
v 0.08252 -0.08250 0.85814
v 0.03159 -0.07500 0.45221
v 0.02351 -0.10267 0.45227
v 0.00152 -0.12292 0.45343
v -0.02850 -0.13034 0.45539
v -0.05849 -0.12292 0.45762
v -0.08043 -0.10267 0.45952
v -0.08844 -0.07500 0.46059
v -0.08036 -0.04733 0.46053
v -0.05837 -0.02708 0.45937
v -0.02836 -0.01966 0.45741
v 0.00164 -0.02708 0.45518
v 0.02358 -0.04733 0.45328
v 0.03159 -0.07500 0.45221
v 0.00000 -0.08250 0.86390
v -0.02843 -0.07500 0.45640
v 0.03169 -0.07500 0.45402
v 0.02363 -0.10267 0.45434
v 0.00163 -0.12293 0.45521
v -0.02843 -0.13035 0.45640
v -0.05848 -0.12293 0.45759
v -0.08049 -0.10267 0.45846
v -0.08854 -0.07500 0.45878
v -0.08049 -0.04733 0.45846
v -0.05848 -0.02707 0.45759
v -0.02843 -0.01965 0.45640
v 0.00163 -0.02707 0.45521
v 0.02363 -0.04733 0.45434
v 0.03169 -0.07500 0.45402
v 0.00009 -0.07500 0.05985
v -0.00583 -0.09532 0.06008
v -0.02199 -0.11020 0.06072
v -0.04406 -0.11565 0.06160
v -0.06613 -0.11020 0.06247
v -0.08229 -0.09532 0.06311
v -0.08821 -0.07500 0.06335
v -0.08229 -0.05468 0.06311
v -0.06613 -0.03980 0.06247
v -0.04406 -0.03435 0.06160
v -0.02199 -0.03980 0.06072
v -0.00583 -0.05468 0.06008
v 0.00009 -0.07500 0.05985
v -0.02843 -0.07500 0.45640
v -0.04406 -0.07500 0.06160
v -0.09669 -0.07500 0.09810
v -0.09700 -0.09015 0.09156
v -0.09787 -0.10125 0.07369
v -0.09906 -0.10531 0.04928
v -0.10025 -0.10125 0.02487
v -0.10112 -0.09015 0.00700
v -0.10143 -0.07500 0.00046
v -0.10112 -0.05985 0.00700
v -0.10025 -0.04875 0.02487
v -0.09906 -0.04469 0.04928
v -0.09787 -0.04875 0.07369
v -0.09700 -0.05985 0.09156
v -0.09669 -0.07500 0.09810
v 0.09277 -0.07500 0.07759
v 0.09252 -0.08666 0.07256
v 0.09185 -0.09519 0.05882
v 0.09094 -0.09831 0.04004
v 0.09003 -0.09519 0.02126
v 0.08936 -0.08666 0.00752
v 0.08911 -0.07500 0.00248
v 0.08936 -0.06334 0.00752
v 0.09003 -0.05481 0.02126
v 0.09094 -0.05169 0.04004
v 0.09185 -0.05481 0.05882
v 0.09252 -0.06334 0.07256
v 0.09277 -0.07500 0.07759
v -0.09906 -0.07500 0.04928
v 0.09094 -0.07500 0.04004
v -0.14100 0.00000 0.77390
v -0.12211 -0.03877 0.77390
v -0.07050 -0.06716 0.77390
v -0.00000 -0.07755 0.77390
v 0.07050 -0.06716 0.77390
v 0.12211 -0.03877 0.77390
v 0.14100 -0.00000 0.77390
v 0.12211 0.03877 0.77390
v 0.07050 0.06716 0.77390
v 0.00000 0.07755 0.77390
v -0.07050 0.06716 0.77390
v -0.12211 0.03878 0.77390
v -0.14100 0.00000 0.77390
v -0.13254 0.00000 1.01060
v -0.11478 -0.03645 1.01060
v -0.06627 -0.06313 1.01060
v -0.00000 -0.07290 1.01060
v 0.06627 -0.06313 1.01060
v 0.11478 -0.03645 1.01060
v 0.13254 -0.00000 1.01060
v 0.11478 0.03645 1.01060
v 0.06627 0.06313 1.01060
v 0.00000 0.07290 1.01060
v -0.06627 0.06313 1.01060
v -0.11478 0.03645 1.01060
v -0.13254 0.00000 1.01060
v 0.00000 0.00000 0.77390
v 0.00000 0.00000 1.01060
v -0.14100 0.00000 0.95560
v -0.12211 -0.03877 0.95560
v -0.07050 -0.06716 0.95560
v -0.00000 -0.07755 0.95560
v 0.07050 -0.06716 0.95560
v 0.12211 -0.03877 0.95560
v 0.14100 -0.00000 0.95560
v 0.12211 0.03877 0.95560
v 0.07050 0.06716 0.95560
v 0.00000 0.07755 0.95560
v -0.07050 0.06716 0.95560
v -0.12211 0.03878 0.95560
v -0.14100 0.00000 0.95560
v -0.17042 0.00000 1.30400
v -0.14759 -0.04687 1.30400
v -0.08521 -0.08117 1.30400
v -0.00000 -0.09373 1.30400
v 0.08521 -0.08117 1.30400
v 0.14759 -0.04687 1.30400
v 0.17042 -0.00000 1.30400
v 0.14759 0.04687 1.30400
v 0.08521 0.08117 1.30400
v 0.00000 0.09373 1.30400
v -0.08521 0.08117 1.30400
v -0.14759 0.04687 1.30400
v -0.17042 0.00000 1.30400
v 0.00000 0.00000 0.95560
v 0.00000 0.00000 1.30400
v -0.17390 0.00000 1.27400
v -0.15060 -0.05304 1.27400
v -0.08695 -0.09187 1.27400
v -0.00000 -0.10608 1.27400
v 0.08695 -0.09187 1.27400
v 0.15060 -0.05304 1.27400
v 0.17390 -0.00000 1.27400
v 0.15060 0.05304 1.27400
v 0.08695 0.09187 1.27400
v 0.00000 0.10608 1.27400
v -0.08695 0.09187 1.27400
v -0.15060 0.05304 1.27400
v -0.17390 0.00000 1.27400
v -0.16173 0.00000 1.35290
v -0.14006 -0.04933 1.35290
v -0.08086 -0.08544 1.35290
v -0.00000 -0.09865 1.35290
v 0.08086 -0.08544 1.35290
v 0.14006 -0.04933 1.35290
v 0.16173 -0.00000 1.35290
v 0.14006 0.04933 1.35290
v 0.08086 0.08544 1.35290
v 0.00000 0.09865 1.35290
v -0.08086 0.08544 1.35290
v -0.14006 0.04933 1.35290
v -0.16173 0.00000 1.35290
v 0.00000 0.00000 1.27400
v 0.00000 0.00000 1.35290
v 0.00000 0.14800 1.37618
v 0.00000 0.14800 1.37618
v 0.00000 0.14800 1.37618
v 0.00000 0.14800 1.37618
v 0.00000 0.14800 1.37618
v 0.00000 0.14800 1.37618
v 0.00000 0.14800 1.37618
v 0.00000 0.14800 1.37618
v 0.00000 0.14800 1.37618
v 0.00000 0.14800 1.37618
v 0.00000 0.14800 1.37618
v 0.00000 0.14800 1.37618
v 0.00000 0.14800 1.37618
v 0.00000 0.14800 1.37618
v 0.00000 0.14800 1.37618
v 0.01801 0.14800 1.37333
v 0.01623 0.15581 1.37333
v 0.01123 0.16208 1.37333
v 0.00401 0.16556 1.37333
v -0.00401 0.16556 1.37333
v -0.01123 0.16208 1.37333
v -0.01623 0.15581 1.37333
v -0.01801 0.14800 1.37333
v -0.01623 0.14019 1.37333
v -0.01123 0.13392 1.37333
v -0.00401 0.13044 1.37333
v 0.00401 0.13044 1.37333
v 0.01123 0.13392 1.37333
v 0.01623 0.14019 1.37333
v 0.01801 0.14800 1.37333
v 0.03426 0.14800 1.36505
v 0.03086 0.16286 1.36505
v 0.02136 0.17478 1.36505
v 0.00762 0.18140 1.36505
v -0.00762 0.18140 1.36505
v -0.02136 0.17478 1.36505
v -0.03086 0.16286 1.36505
v -0.03426 0.14800 1.36505
v -0.03086 0.13314 1.36505
v -0.02136 0.12122 1.36505
v -0.00762 0.11460 1.36505
v 0.00762 0.11460 1.36505
v 0.02136 0.12122 1.36505
v 0.03086 0.13314 1.36505
v 0.03426 0.14800 1.36505
v 0.04715 0.14800 1.35216
v 0.04248 0.16846 1.35216
v 0.02940 0.18486 1.35216
v 0.01049 0.19397 1.35216
v -0.01049 0.19397 1.35216
v -0.02940 0.18486 1.35216
v -0.04248 0.16846 1.35216
v -0.04715 0.14800 1.35216
v -0.04248 0.12754 1.35216
v -0.02940 0.11114 1.35216
v -0.01049 0.10203 1.35216
v 0.01049 0.10203 1.35216
v 0.02940 0.11114 1.35216
v 0.04248 0.12754 1.35216
v 0.04715 0.14800 1.35216
v 0.05543 0.14800 1.33591
v 0.04994 0.17205 1.33591
v 0.03456 0.19134 1.33591
v 0.01233 0.20204 1.33591
v -0.01233 0.20204 1.33591
v -0.03456 0.19134 1.33591
v -0.04994 0.17205 1.33591
v -0.05543 0.14800 1.33591
v -0.04994 0.12395 1.33591
v -0.03456 0.10466 1.33591
v -0.01233 0.09396 1.33591
v 0.01233 0.09396 1.33591
v 0.03456 0.10466 1.33591
v 0.04994 0.12395 1.33591
v 0.05543 0.14800 1.33591
v 0.05828 0.14800 1.31790
v 0.05251 0.17329 1.31790
v 0.03634 0.19357 1.31790
v 0.01297 0.20482 1.31790
v -0.01297 0.20482 1.31790
v -0.03634 0.19357 1.31790
v -0.05251 0.17329 1.31790
v -0.05828 0.14800 1.31790
v -0.05251 0.12271 1.31790
v -0.03634 0.10243 1.31790
v -0.01297 0.09118 1.31790
v 0.01297 0.09118 1.31790
v 0.03634 0.10243 1.31790
v 0.05251 0.12271 1.31790
v 0.05828 0.14800 1.31790
v 0.05543 0.14800 1.29989
v 0.04994 0.17205 1.29989
v 0.03456 0.19134 1.29989
v 0.01233 0.20204 1.29989
v -0.01233 0.20204 1.29989
v -0.03456 0.19134 1.29989
v -0.04994 0.17205 1.29989
v -0.05543 0.14800 1.29989
v -0.04994 0.12395 1.29989
v -0.03456 0.10466 1.29989
v -0.01233 0.09396 1.29989
v 0.01233 0.09396 1.29989
v 0.03456 0.10466 1.29989
v 0.04994 0.12395 1.29989
v 0.05543 0.14800 1.29989
v 0.04715 0.14800 1.28364
v 0.04248 0.16846 1.28364
v 0.02940 0.18486 1.28364
v 0.01049 0.19397 1.28364
v -0.01049 0.19397 1.28364
v -0.02940 0.18486 1.28364
v -0.04248 0.16846 1.28364
v -0.04715 0.14800 1.28364
v -0.04248 0.12754 1.28364
v -0.02940 0.11114 1.28364
v -0.01049 0.10203 1.28364
v 0.01049 0.10203 1.28364
v 0.02940 0.11114 1.28364
v 0.04248 0.12754 1.28364
v 0.04715 0.14800 1.28364
v 0.03426 0.14800 1.27075
v 0.03086 0.16286 1.27075
v 0.02136 0.17478 1.27075
v 0.00762 0.18140 1.27075
v -0.00762 0.18140 1.27075
v -0.02136 0.17478 1.27075
v -0.03086 0.16286 1.27075
v -0.03426 0.14800 1.27075
v -0.03086 0.13314 1.27075
v -0.02136 0.12122 1.27075
v -0.00762 0.11460 1.27075
v 0.00762 0.11460 1.27075
v 0.02136 0.12122 1.27075
v 0.03086 0.13314 1.27075
v 0.03426 0.14800 1.27075
v 0.01801 0.14800 1.26247
v 0.01623 0.15581 1.26247
v 0.01123 0.16208 1.26247
v 0.00401 0.16556 1.26247
v -0.00401 0.16556 1.26247
v -0.01123 0.16208 1.26247
v -0.01623 0.15581 1.26247
v -0.01801 0.14800 1.26247
v -0.01623 0.14019 1.26247
v -0.01123 0.13392 1.26247
v -0.00401 0.13044 1.26247
v 0.00401 0.13044 1.26247
v 0.01123 0.13392 1.26247
v 0.01623 0.14019 1.26247
v 0.01801 0.14800 1.26247
v 0.00000 0.14800 1.25962
v 0.00000 0.14800 1.25962
v 0.00000 0.14800 1.25962
v 0.00000 0.14800 1.25962
v -0.00000 0.14800 1.25962
v -0.00000 0.14800 1.25962
v -0.00000 0.14800 1.25962
v -0.00000 0.14800 1.25962
v -0.00000 0.14800 1.25962
v -0.00000 0.14800 1.25962
v -0.00000 0.14800 1.25962
v 0.00000 0.14800 1.25962
v 0.00000 0.14800 1.25962
v 0.00000 0.14800 1.25962
v 0.00000 0.14800 1.25962
v 0.05348 0.14800 1.30732
v 0.04555 0.12241 1.30486
v 0.02541 0.10367 1.30591
v -0.00153 0.09681 1.31016
v -0.02807 0.10367 1.31649
v -0.04708 0.12241 1.32320
v -0.05348 0.14800 1.32848
v -0.04555 0.17359 1.33094
v -0.02541 0.19233 1.32989
v 0.00153 0.19919 1.32564
v 0.02807 0.19233 1.31931
v 0.04708 0.17359 1.31260
v 0.05348 0.14800 1.30732
v -0.01511 0.19294 1.02364
v -0.02127 0.17308 1.02174
v -0.03689 0.15855 1.02255
v -0.05780 0.15322 1.02585
v -0.07839 0.15855 1.03076
v -0.09314 0.17308 1.03596
v -0.09810 0.19294 1.04006
v -0.09195 0.21280 1.04197
v -0.07633 0.22734 1.04116
v -0.05542 0.23266 1.03786
v -0.03483 0.22734 1.03295
v -0.02008 0.21280 1.02774
v -0.01511 0.19294 1.02364
v 0.00000 0.14800 1.31790
v -0.05661 0.19294 1.03185
v -0.05661 0.19294 1.07509
v -0.05661 0.19294 1.07509
v -0.05661 0.19294 1.07509
v -0.05661 0.19294 1.07509
v -0.05661 0.19294 1.07509
v -0.05661 0.19294 1.07509
v -0.05661 0.19294 1.07509
v -0.05661 0.19294 1.07509
v -0.05661 0.19294 1.07509
v -0.05661 0.19294 1.07509
v -0.05661 0.19294 1.07509
v -0.05661 0.19294 1.07509
v -0.05661 0.19294 1.07509
v -0.05661 0.19294 1.07509
v -0.05661 0.19294 1.07509
v -0.04325 0.19294 1.07298
v -0.04457 0.19874 1.07298
v -0.04828 0.20339 1.07298
v -0.05364 0.20597 1.07298
v -0.05958 0.20597 1.07298
v -0.06494 0.20339 1.07298
v -0.06865 0.19874 1.07298
v -0.06997 0.19294 1.07298
v -0.06865 0.18714 1.07298
v -0.06494 0.18249 1.07298
v -0.05958 0.17991 1.07298
v -0.05364 0.17991 1.07298
v -0.04828 0.18249 1.07298
v -0.04457 0.18714 1.07298
v -0.04325 0.19294 1.07298
v -0.03119 0.19294 1.06683
v -0.03371 0.20397 1.06683
v -0.04076 0.21281 1.06683
v -0.05095 0.21772 1.06683
v -0.06226 0.21772 1.06683
v -0.07246 0.21281 1.06683
v -0.07951 0.20397 1.06683
v -0.08203 0.19294 1.06683
v -0.07951 0.18191 1.06683
v -0.07246 0.17307 1.06683
v -0.06226 0.16816 1.06683
v -0.05095 0.16816 1.06683
v -0.04076 0.17307 1.06683
v -0.03371 0.18191 1.06683
v -0.03119 0.19294 1.06683
v -0.02163 0.19294 1.05727
v -0.02509 0.20812 1.05727
v -0.03480 0.22029 1.05727
v -0.04883 0.22705 1.05727
v -0.06439 0.22705 1.05727
v -0.07842 0.22029 1.05727
v -0.08813 0.20812 1.05727
v -0.09159 0.19294 1.05727
v -0.08813 0.17776 1.05727
v -0.07842 0.16559 1.05727
v -0.06439 0.15884 1.05727
v -0.04883 0.15884 1.05727
v -0.03480 0.16559 1.05727
v -0.02509 0.17776 1.05727
v -0.02163 0.19294 1.05727
v -0.01549 0.19294 1.04521
v -0.01956 0.21078 1.04521
v -0.03097 0.22509 1.04521
v -0.04746 0.23303 1.04521
v -0.06576 0.23303 1.04521
v -0.08225 0.22509 1.04521
v -0.09366 0.21078 1.04521
v -0.09773 0.19294 1.04521
v -0.09366 0.17510 1.04521
v -0.08225 0.16079 1.04521
v -0.06576 0.15285 1.04521
v -0.04746 0.15285 1.04521
v -0.03097 0.16079 1.04521
v -0.01956 0.17510 1.04521
v -0.01549 0.19294 1.04521
v -0.01337 0.19294 1.03185
v -0.01765 0.21170 1.03185
v -0.02965 0.22675 1.03185
v -0.04699 0.23510 1.03185
v -0.06623 0.23510 1.03185
v -0.08357 0.22675 1.03185
v -0.09557 0.21170 1.03185
v -0.09985 0.19294 1.03185
v -0.09557 0.17418 1.03185
v -0.08357 0.15913 1.03185
v -0.06623 0.15078 1.03185
v -0.04699 0.15078 1.03185
v -0.02965 0.15913 1.03185
v -0.01765 0.17418 1.03185
v -0.01337 0.19294 1.03185
v -0.01549 0.19294 1.01849
v -0.01956 0.21078 1.01849
v -0.03097 0.22509 1.01849
v -0.04746 0.23303 1.01849
v -0.06576 0.23303 1.01849
v -0.08225 0.22509 1.01849
v -0.09366 0.21078 1.01849
v -0.09773 0.19294 1.01849
v -0.09366 0.17510 1.01849
v -0.08225 0.16079 1.01849
v -0.06576 0.15285 1.01849
v -0.04746 0.15285 1.01849
v -0.03097 0.16079 1.01849
v -0.01956 0.17510 1.01849
v -0.01549 0.19294 1.01849
v -0.02163 0.19294 1.00644
v -0.02509 0.20812 1.00644
v -0.03480 0.22029 1.00644
v -0.04883 0.22705 1.00644
v -0.06439 0.22705 1.00644
v -0.07842 0.22029 1.00644
v -0.08813 0.20812 1.00644
v -0.09159 0.19294 1.00644
v -0.08813 0.17776 1.00644
v -0.07842 0.16559 1.00644
v -0.06439 0.15884 1.00644
v -0.04883 0.15884 1.00644
v -0.03480 0.16559 1.00644
v -0.02509 0.17776 1.00644
v -0.02163 0.19294 1.00644
v -0.03119 0.19294 0.99687
v -0.03371 0.20397 0.99687
v -0.04076 0.21281 0.99687
v -0.05095 0.21772 0.99687
v -0.06226 0.21772 0.99687
v -0.07246 0.21281 0.99687
v -0.07951 0.20397 0.99687
v -0.08203 0.19294 0.99687
v -0.07951 0.18191 0.99687
v -0.07246 0.17307 0.99687
v -0.06226 0.16816 0.99687
v -0.05095 0.16816 0.99687
v -0.04076 0.17307 0.99687
v -0.03371 0.18191 0.99687
v -0.03119 0.19294 0.99687
v -0.04325 0.19294 0.99073
v -0.04457 0.19874 0.99073
v -0.04828 0.20339 0.99073
v -0.05364 0.20597 0.99073
v -0.05958 0.20597 0.99073
v -0.06494 0.20339 0.99073
v -0.06865 0.19874 0.99073
v -0.06997 0.19294 0.99073
v -0.06865 0.18714 0.99073
v -0.06494 0.18249 0.99073
v -0.05958 0.17991 0.99073
v -0.05364 0.17991 0.99073
v -0.04828 0.18249 0.99073
v -0.04457 0.18714 0.99073
v -0.04325 0.19294 0.99073
v -0.05661 0.19294 0.98861
v -0.05661 0.19294 0.98861
v -0.05661 0.19294 0.98861
v -0.05661 0.19294 0.98861
v -0.05661 0.19294 0.98861
v -0.05661 0.19294 0.98861
v -0.05661 0.19294 0.98861
v -0.05661 0.19294 0.98861
v -0.05661 0.19294 0.98861
v -0.05661 0.19294 0.98861
v -0.05661 0.19294 0.98861
v -0.05661 0.19294 0.98861
v -0.05661 0.19294 0.98861
v -0.05661 0.19294 0.98861
v -0.05661 0.19294 0.98861
v -0.01575 0.19294 1.02090
v -0.02137 0.17286 1.02183
v -0.03643 0.15815 1.02544
v -0.05690 0.15277 1.03077
v -0.07729 0.15815 1.03639
v -0.09214 0.17286 1.04079
v -0.09747 0.19294 1.04280
v -0.09185 0.21303 1.04188
v -0.07679 0.22773 1.03826
v -0.05632 0.23311 1.03294
v -0.03593 0.22773 1.02732
v -0.02108 0.21303 1.02291
v -0.01575 0.19294 1.02090
v -0.10106 0.20136 0.73158
v -0.10568 0.18485 0.73234
v -0.11807 0.17276 0.73531
v -0.13489 0.16833 0.73969
v -0.15166 0.17276 0.74431
v -0.16387 0.18485 0.74793
v -0.16825 0.20136 0.74958
v -0.16363 0.21787 0.74882
v -0.15125 0.22996 0.74585
v -0.13442 0.23439 0.74147
v -0.11765 0.22996 0.73685
v -0.10544 0.21787 0.73323
v -0.10106 0.20136 0.73158
v -0.05661 0.19294 1.03185
v -0.13466 0.20136 0.74058
v -0.13466 0.20136 0.75122
v -0.13466 0.20136 0.75122
v -0.13466 0.20136 0.75122
v -0.13466 0.20136 0.75122
v -0.13466 0.20136 0.75122
v -0.13466 0.20136 0.75122
v -0.13466 0.20136 0.75122
v -0.13466 0.20136 0.75122
v -0.13466 0.20136 0.75122
v -0.13466 0.20136 0.75122
v -0.13466 0.20136 0.75122
v -0.13466 0.20136 0.75122
v -0.13466 0.20136 0.75122
v -0.13466 0.20136 0.75122
v -0.13466 0.20136 0.75122
v -0.12275 0.20136 0.74864
v -0.12393 0.20527 0.74864
v -0.12723 0.20840 0.74864
v -0.13201 0.21014 0.74864
v -0.13731 0.21014 0.74864
v -0.14208 0.20840 0.74864
v -0.14539 0.20527 0.74864
v -0.14657 0.20136 0.74864
v -0.14539 0.19745 0.74864
v -0.14208 0.19432 0.74864
v -0.13731 0.19258 0.74864
v -0.13201 0.19258 0.74864
v -0.12723 0.19432 0.74864
v -0.12393 0.19745 0.74864
v -0.12275 0.20136 0.74864
v -0.11200 0.20136 0.74116
v -0.11425 0.20879 0.74116
v -0.12053 0.21475 0.74116
v -0.12962 0.21806 0.74116
v -0.13970 0.21806 0.74116
v -0.14878 0.21475 0.74116
v -0.15507 0.20879 0.74116
v -0.15731 0.20136 0.74116
v -0.15507 0.19393 0.74116
v -0.14878 0.18797 0.74116
v -0.13970 0.18466 0.74116
v -0.12962 0.18466 0.74116
v -0.12053 0.18797 0.74116
v -0.11425 0.19393 0.74116
v -0.11200 0.20136 0.74116
v -0.10348 0.20136 0.72952
v -0.10656 0.21159 0.72952
v -0.11522 0.21979 0.72952
v -0.12772 0.22434 0.72952
v -0.14159 0.22434 0.72952
v -0.15410 0.21979 0.72952
v -0.16275 0.21159 0.72952
v -0.16584 0.20136 0.72952
v -0.16275 0.19113 0.72952
v -0.15410 0.18293 0.72952
v -0.14159 0.17838 0.72952
v -0.12772 0.17838 0.72952
v -0.11522 0.18293 0.72952
v -0.10656 0.19113 0.72952
v -0.10348 0.20136 0.72952
v -0.09800 0.20136 0.71484
v -0.10163 0.21338 0.71484
v -0.11180 0.22303 0.71484
v -0.12650 0.22838 0.71484
v -0.14281 0.22838 0.71484
v -0.15751 0.22303 0.71484
v -0.16768 0.21338 0.71484
v -0.17131 0.20136 0.71484
v -0.16768 0.18934 0.71484
v -0.15751 0.17969 0.71484
v -0.14281 0.17434 0.71484
v -0.12650 0.17434 0.71484
v -0.11180 0.17969 0.71484
v -0.10163 0.18934 0.71484
v -0.09800 0.20136 0.71484
v -0.09612 0.20136 0.69858
v -0.09993 0.21400 0.69858
v -0.11063 0.22414 0.69858
v -0.12608 0.22977 0.69858
v -0.14323 0.22977 0.69858
v -0.15869 0.22414 0.69858
v -0.16938 0.21400 0.69858
v -0.17320 0.20136 0.69858
v -0.16938 0.18872 0.69858
v -0.15869 0.17858 0.69858
v -0.14323 0.17295 0.69858
v -0.12608 0.17295 0.69858
v -0.11063 0.17858 0.69858
v -0.09993 0.18872 0.69858
v -0.09612 0.20136 0.69858
v -0.09800 0.20136 0.68231
v -0.10163 0.21338 0.68231
v -0.11180 0.22303 0.68231
v -0.12650 0.22838 0.68231
v -0.14281 0.22838 0.68231
v -0.15751 0.22303 0.68231
v -0.16768 0.21338 0.68231
v -0.17131 0.20136 0.68231
v -0.16768 0.18934 0.68231
v -0.15751 0.17969 0.68231
v -0.14281 0.17434 0.68231
v -0.12650 0.17434 0.68231
v -0.11180 0.17969 0.68231
v -0.10163 0.18934 0.68231
v -0.09800 0.20136 0.68231
v -0.10348 0.20136 0.66764
v -0.10656 0.21159 0.66764
v -0.11522 0.21979 0.66764
v -0.12772 0.22434 0.66764
v -0.14159 0.22434 0.66764
v -0.15410 0.21979 0.66764
v -0.16275 0.21159 0.66764
v -0.16584 0.20136 0.66764
v -0.16275 0.19113 0.66764
v -0.15410 0.18293 0.66764
v -0.14159 0.17838 0.66764
v -0.12772 0.17838 0.66764
v -0.11522 0.18293 0.66764
v -0.10656 0.19113 0.66764
v -0.10348 0.20136 0.66764
v -0.11200 0.20136 0.65599
v -0.11425 0.20879 0.65599
v -0.12053 0.21475 0.65599
v -0.12962 0.21806 0.65599
v -0.13970 0.21806 0.65599
v -0.14878 0.21475 0.65599
v -0.15507 0.20879 0.65599
v -0.15731 0.20136 0.65599
v -0.15507 0.19393 0.65599
v -0.14878 0.18797 0.65599
v -0.13970 0.18466 0.65599
v -0.12962 0.18466 0.65599
v -0.12053 0.18797 0.65599
v -0.11425 0.19393 0.65599
v -0.11200 0.20136 0.65599
v -0.12275 0.20136 0.64851
v -0.12393 0.20527 0.64851
v -0.12723 0.20840 0.64851
v -0.13201 0.21014 0.64851
v -0.13731 0.21014 0.64851
v -0.14208 0.20840 0.64851
v -0.14539 0.20527 0.64851
v -0.14657 0.20136 0.64851
v -0.14539 0.19745 0.64851
v -0.14208 0.19432 0.64851
v -0.13731 0.19258 0.64851
v -0.13201 0.19258 0.64851
v -0.12723 0.19432 0.64851
v -0.12393 0.19745 0.64851
v -0.12275 0.20136 0.64851
v -0.13466 0.20136 0.64594
v -0.13466 0.20136 0.64594
v -0.13466 0.20136 0.64594
v -0.13466 0.20136 0.64594
v -0.13466 0.20136 0.64594
v -0.13466 0.20136 0.64594
v -0.13466 0.20136 0.64594
v -0.13466 0.20136 0.64594
v -0.13466 0.20136 0.64594
v -0.13466 0.20136 0.64594
v -0.13466 0.20136 0.64594
v -0.13466 0.20136 0.64594
v -0.13466 0.20136 0.64594
v -0.13466 0.20136 0.64594
v -0.13466 0.20136 0.64594
v 0.00000 -0.14800 1.37618
v 0.00000 -0.14800 1.37618
v 0.00000 -0.14800 1.37618
v 0.00000 -0.14800 1.37618
v 0.00000 -0.14800 1.37618
v 0.00000 -0.14800 1.37618
v 0.00000 -0.14800 1.37618
v 0.00000 -0.14800 1.37618
v 0.00000 -0.14800 1.37618
v 0.00000 -0.14800 1.37618
v 0.00000 -0.14800 1.37618
v 0.00000 -0.14800 1.37618
v 0.00000 -0.14800 1.37618
v 0.00000 -0.14800 1.37618
v 0.00000 -0.14800 1.37618
v 0.01801 -0.14800 1.37333
v 0.01623 -0.14019 1.37333
v 0.01123 -0.13392 1.37333
v 0.00401 -0.13044 1.37333
v -0.00401 -0.13044 1.37333
v -0.01123 -0.13392 1.37333
v -0.01623 -0.14019 1.37333
v -0.01801 -0.14800 1.37333
v -0.01623 -0.15581 1.37333
v -0.01123 -0.16208 1.37333
v -0.00401 -0.16556 1.37333
v 0.00401 -0.16556 1.37333
v 0.01123 -0.16208 1.37333
v 0.01623 -0.15581 1.37333
v 0.01801 -0.14800 1.37333
v 0.03426 -0.14800 1.36505
v 0.03086 -0.13314 1.36505
v 0.02136 -0.12122 1.36505
v 0.00762 -0.11460 1.36505
v -0.00762 -0.11460 1.36505
v -0.02136 -0.12122 1.36505
v -0.03086 -0.13314 1.36505
v -0.03426 -0.14800 1.36505
v -0.03086 -0.16286 1.36505
v -0.02136 -0.17478 1.36505
v -0.00762 -0.18140 1.36505
v 0.00762 -0.18140 1.36505
v 0.02136 -0.17478 1.36505
v 0.03086 -0.16286 1.36505
v 0.03426 -0.14800 1.36505
v 0.04715 -0.14800 1.35216
v 0.04248 -0.12754 1.35216
v 0.02940 -0.11114 1.35216
v 0.01049 -0.10203 1.35216
v -0.01049 -0.10203 1.35216
v -0.02940 -0.11114 1.35216
v -0.04248 -0.12754 1.35216
v -0.04715 -0.14800 1.35216
v -0.04248 -0.16846 1.35216
v -0.02940 -0.18486 1.35216
v -0.01049 -0.19397 1.35216
v 0.01049 -0.19397 1.35216
v 0.02940 -0.18486 1.35216
v 0.04248 -0.16846 1.35216
v 0.04715 -0.14800 1.35216
v 0.05543 -0.14800 1.33591
v 0.04994 -0.12395 1.33591
v 0.03456 -0.10466 1.33591
v 0.01233 -0.09396 1.33591
v -0.01233 -0.09396 1.33591
v -0.03456 -0.10466 1.33591
v -0.04994 -0.12395 1.33591
v -0.05543 -0.14800 1.33591
v -0.04994 -0.17205 1.33591
v -0.03456 -0.19134 1.33591
v -0.01233 -0.20204 1.33591
v 0.01233 -0.20204 1.33591
v 0.03456 -0.19134 1.33591
v 0.04994 -0.17205 1.33591
v 0.05543 -0.14800 1.33591
v 0.05828 -0.14800 1.31790
v 0.05251 -0.12271 1.31790
v 0.03634 -0.10243 1.31790
v 0.01297 -0.09118 1.31790
v -0.01297 -0.09118 1.31790
v -0.03634 -0.10243 1.31790
v -0.05251 -0.12271 1.31790
v -0.05828 -0.14800 1.31790
v -0.05251 -0.17329 1.31790
v -0.03634 -0.19357 1.31790
v -0.01297 -0.20482 1.31790
v 0.01297 -0.20482 1.31790
v 0.03634 -0.19357 1.31790
v 0.05251 -0.17329 1.31790
v 0.05828 -0.14800 1.31790
v 0.05543 -0.14800 1.29989
v 0.04994 -0.12395 1.29989
v 0.03456 -0.10466 1.29989
v 0.01233 -0.09396 1.29989
v -0.01233 -0.09396 1.29989
v -0.03456 -0.10466 1.29989
v -0.04994 -0.12395 1.29989
v -0.05543 -0.14800 1.29989
v -0.04994 -0.17205 1.29989
v -0.03456 -0.19134 1.29989
v -0.01233 -0.20204 1.29989
v 0.01233 -0.20204 1.29989
v 0.03456 -0.19134 1.29989
v 0.04994 -0.17205 1.29989
v 0.05543 -0.14800 1.29989
v 0.04715 -0.14800 1.28364
v 0.04248 -0.12754 1.28364
v 0.02940 -0.11114 1.28364
v 0.01049 -0.10203 1.28364
v -0.01049 -0.10203 1.28364
v -0.02940 -0.11114 1.28364
v -0.04248 -0.12754 1.28364
v -0.04715 -0.14800 1.28364
v -0.04248 -0.16846 1.28364
v -0.02940 -0.18486 1.28364
v -0.01049 -0.19397 1.28364
v 0.01049 -0.19397 1.28364
v 0.02940 -0.18486 1.28364
v 0.04248 -0.16846 1.28364
v 0.04715 -0.14800 1.28364
v 0.03426 -0.14800 1.27075
v 0.03086 -0.13314 1.27075
v 0.02136 -0.12122 1.27075
v 0.00762 -0.11460 1.27075
v -0.00762 -0.11460 1.27075
v -0.02136 -0.12122 1.27075
v -0.03086 -0.13314 1.27075
v -0.03426 -0.14800 1.27075
v -0.03086 -0.16286 1.27075
v -0.02136 -0.17478 1.27075
v -0.00762 -0.18140 1.27075
v 0.00762 -0.18140 1.27075
v 0.02136 -0.17478 1.27075
v 0.03086 -0.16286 1.27075
v 0.03426 -0.14800 1.27075
v 0.01801 -0.14800 1.26247
v 0.01623 -0.14019 1.26247
v 0.01123 -0.13392 1.26247
v 0.00401 -0.13044 1.26247
v -0.00401 -0.13044 1.26247
v -0.01123 -0.13392 1.26247
v -0.01623 -0.14019 1.26247
v -0.01801 -0.14800 1.26247
v -0.01623 -0.15581 1.26247
v -0.01123 -0.16208 1.26247
v -0.00401 -0.16556 1.26247
v 0.00401 -0.16556 1.26247
v 0.01123 -0.16208 1.26247
v 0.01623 -0.15581 1.26247
v 0.01801 -0.14800 1.26247
v 0.00000 -0.14800 1.25962
v 0.00000 -0.14800 1.25962
v 0.00000 -0.14800 1.25962
v 0.00000 -0.14800 1.25962
v -0.00000 -0.14800 1.25962
v -0.00000 -0.14800 1.25962
v -0.00000 -0.14800 1.25962
v -0.00000 -0.14800 1.25962
v -0.00000 -0.14800 1.25962
v -0.00000 -0.14800 1.25962
v -0.00000 -0.14800 1.25962
v 0.00000 -0.14800 1.25962
v 0.00000 -0.14800 1.25962
v 0.00000 -0.14800 1.25962
v 0.00000 -0.14800 1.25962
v 0.05348 -0.14800 1.32848
v 0.04555 -0.17359 1.33094
v 0.02541 -0.19233 1.32989
v -0.00153 -0.19919 1.32564
v -0.02807 -0.19233 1.31931
v -0.04708 -0.17359 1.31260
v -0.05348 -0.14800 1.30732
v -0.04555 -0.12241 1.30486
v -0.02541 -0.10367 1.30591
v 0.00153 -0.09681 1.31016
v 0.02807 -0.10367 1.31649
v 0.04708 -0.12241 1.32320
v 0.05348 -0.14800 1.32848
v 0.09810 -0.19294 1.04006
v 0.09195 -0.21280 1.04197
v 0.07633 -0.22734 1.04116
v 0.05542 -0.23266 1.03786
v 0.03483 -0.22734 1.03295
v 0.02008 -0.21280 1.02774
v 0.01511 -0.19294 1.02364
v 0.02127 -0.17308 1.02174
v 0.03689 -0.15855 1.02255
v 0.05780 -0.15322 1.02585
v 0.07839 -0.15855 1.03076
v 0.09314 -0.17308 1.03596
v 0.09810 -0.19294 1.04006
v 0.00000 -0.14800 1.31790
v 0.05661 -0.19294 1.03185
v 0.05661 -0.19294 1.07509
v 0.05661 -0.19294 1.07509
v 0.05661 -0.19294 1.07509
v 0.05661 -0.19294 1.07509
v 0.05661 -0.19294 1.07509
v 0.05661 -0.19294 1.07509
v 0.05661 -0.19294 1.07509
v 0.05661 -0.19294 1.07509
v 0.05661 -0.19294 1.07509
v 0.05661 -0.19294 1.07509
v 0.05661 -0.19294 1.07509
v 0.05661 -0.19294 1.07509
v 0.05661 -0.19294 1.07509
v 0.05661 -0.19294 1.07509
v 0.05661 -0.19294 1.07509
v 0.06997 -0.19294 1.07298
v 0.06865 -0.18714 1.07298
v 0.06494 -0.18249 1.07298
v 0.05958 -0.17991 1.07298
v 0.05364 -0.17991 1.07298
v 0.04828 -0.18249 1.07298
v 0.04457 -0.18714 1.07298
v 0.04325 -0.19294 1.07298
v 0.04457 -0.19874 1.07298
v 0.04828 -0.20339 1.07298
v 0.05364 -0.20597 1.07298
v 0.05958 -0.20597 1.07298
v 0.06494 -0.20339 1.07298
v 0.06865 -0.19874 1.07298
v 0.06997 -0.19294 1.07298
v 0.08203 -0.19294 1.06683
v 0.07951 -0.18191 1.06683
v 0.07246 -0.17307 1.06683
v 0.06226 -0.16816 1.06683
v 0.05095 -0.16816 1.06683
v 0.04076 -0.17307 1.06683
v 0.03371 -0.18191 1.06683
v 0.03119 -0.19294 1.06683
v 0.03371 -0.20397 1.06683
v 0.04076 -0.21281 1.06683
v 0.05095 -0.21772 1.06683
v 0.06226 -0.21772 1.06683
v 0.07246 -0.21281 1.06683
v 0.07951 -0.20397 1.06683
v 0.08203 -0.19294 1.06683
v 0.09159 -0.19294 1.05727
v 0.08813 -0.17776 1.05727
v 0.07842 -0.16559 1.05727
v 0.06439 -0.15884 1.05727
v 0.04883 -0.15884 1.05727
v 0.03480 -0.16559 1.05727
v 0.02509 -0.17776 1.05727
v 0.02163 -0.19294 1.05727
v 0.02509 -0.20812 1.05727
v 0.03480 -0.22029 1.05727
v 0.04883 -0.22705 1.05727
v 0.06439 -0.22705 1.05727
v 0.07842 -0.22029 1.05727
v 0.08813 -0.20812 1.05727
v 0.09159 -0.19294 1.05727
v 0.09773 -0.19294 1.04521
v 0.09366 -0.17510 1.04521
v 0.08225 -0.16079 1.04521
v 0.06576 -0.15285 1.04521
v 0.04746 -0.15285 1.04521
v 0.03097 -0.16079 1.04521
v 0.01956 -0.17510 1.04521
v 0.01549 -0.19294 1.04521
v 0.01956 -0.21078 1.04521
v 0.03097 -0.22509 1.04521
v 0.04746 -0.23303 1.04521
v 0.06576 -0.23303 1.04521
v 0.08225 -0.22509 1.04521
v 0.09366 -0.21078 1.04521
v 0.09773 -0.19294 1.04521
v 0.09985 -0.19294 1.03185
v 0.09557 -0.17418 1.03185
v 0.08357 -0.15913 1.03185
v 0.06623 -0.15078 1.03185
v 0.04699 -0.15078 1.03185
v 0.02965 -0.15913 1.03185
v 0.01765 -0.17418 1.03185
v 0.01337 -0.19294 1.03185
v 0.01765 -0.21170 1.03185
v 0.02965 -0.22675 1.03185
v 0.04699 -0.23510 1.03185
v 0.06623 -0.23510 1.03185
v 0.08357 -0.22675 1.03185
v 0.09557 -0.21170 1.03185
v 0.09985 -0.19294 1.03185
v 0.09773 -0.19294 1.01849
v 0.09366 -0.17510 1.01849
v 0.08225 -0.16079 1.01849
v 0.06576 -0.15285 1.01849
v 0.04746 -0.15285 1.01849
v 0.03097 -0.16079 1.01849
v 0.01956 -0.17510 1.01849
v 0.01549 -0.19294 1.01849
v 0.01956 -0.21078 1.01849
v 0.03097 -0.22509 1.01849
v 0.04746 -0.23303 1.01849
v 0.06576 -0.23303 1.01849
v 0.08225 -0.22509 1.01849
v 0.09366 -0.21078 1.01849
v 0.09773 -0.19294 1.01849
v 0.09159 -0.19294 1.00644
v 0.08813 -0.17776 1.00644
v 0.07842 -0.16559 1.00644
v 0.06439 -0.15884 1.00644
v 0.04883 -0.15884 1.00644
v 0.03480 -0.16559 1.00644
v 0.02509 -0.17776 1.00644
v 0.02163 -0.19294 1.00644
v 0.02509 -0.20812 1.00644
v 0.03480 -0.22029 1.00644
v 0.04883 -0.22705 1.00644
v 0.06439 -0.22705 1.00644
v 0.07842 -0.22029 1.00644
v 0.08813 -0.20812 1.00644
v 0.09159 -0.19294 1.00644
v 0.08203 -0.19294 0.99687
v 0.07951 -0.18191 0.99687
v 0.07246 -0.17307 0.99687
v 0.06226 -0.16816 0.99687
v 0.05095 -0.16816 0.99687
v 0.04076 -0.17307 0.99687
v 0.03371 -0.18191 0.99687
v 0.03119 -0.19294 0.99687
v 0.03371 -0.20397 0.99687
v 0.04076 -0.21281 0.99687
v 0.05095 -0.21772 0.99687
v 0.06226 -0.21772 0.99687
v 0.07246 -0.21281 0.99687
v 0.07951 -0.20397 0.99687
v 0.08203 -0.19294 0.99687
v 0.06997 -0.19294 0.99073
v 0.06865 -0.18714 0.99073
v 0.06494 -0.18249 0.99073
v 0.05958 -0.17991 0.99073
v 0.05364 -0.17991 0.99073
v 0.04828 -0.18249 0.99073
v 0.04457 -0.18714 0.99073
v 0.04325 -0.19294 0.99073
v 0.04457 -0.19874 0.99073
v 0.04828 -0.20339 0.99073
v 0.05364 -0.20597 0.99073
v 0.05958 -0.20597 0.99073
v 0.06494 -0.20339 0.99073
v 0.06865 -0.19874 0.99073
v 0.06997 -0.19294 0.99073
v 0.05661 -0.19294 0.98861
v 0.05661 -0.19294 0.98861
v 0.05661 -0.19294 0.98861
v 0.05661 -0.19294 0.98861
v 0.05661 -0.19294 0.98861
v 0.05661 -0.19294 0.98861
v 0.05661 -0.19294 0.98861
v 0.05661 -0.19294 0.98861
v 0.05661 -0.19294 0.98861
v 0.05661 -0.19294 0.98861
v 0.05661 -0.19294 0.98861
v 0.05661 -0.19294 0.98861
v 0.05661 -0.19294 0.98861
v 0.05661 -0.19294 0.98861
v 0.05661 -0.19294 0.98861
v 0.09747 -0.19294 1.04280
v 0.09185 -0.21303 1.04188
v 0.07679 -0.22773 1.03826
v 0.05632 -0.23311 1.03294
v 0.03593 -0.22773 1.02732
v 0.02108 -0.21303 1.02291
v 0.01575 -0.19294 1.02090
v 0.02137 -0.17286 1.02183
v 0.03643 -0.15815 1.02544
v 0.05690 -0.15277 1.03077
v 0.07729 -0.15815 1.03639
v 0.09214 -0.17286 1.04079
v 0.09747 -0.19294 1.04280
v 0.16825 -0.20136 0.74958
v 0.16363 -0.21787 0.74882
v 0.15125 -0.22996 0.74585
v 0.13442 -0.23439 0.74147
v 0.11765 -0.22996 0.73685
v 0.10544 -0.21787 0.73323
v 0.10106 -0.20136 0.73158
v 0.10568 -0.18485 0.73234
v 0.11807 -0.17276 0.73531
v 0.13489 -0.16833 0.73969
v 0.15166 -0.17276 0.74431
v 0.16387 -0.18485 0.74793
v 0.16825 -0.20136 0.74958
v 0.05661 -0.19294 1.03185
v 0.13466 -0.20136 0.74058
v 0.13466 -0.20136 0.75122
v 0.13466 -0.20136 0.75122
v 0.13466 -0.20136 0.75122
v 0.13466 -0.20136 0.75122
v 0.13466 -0.20136 0.75122
v 0.13466 -0.20136 0.75122
v 0.13466 -0.20136 0.75122
v 0.13466 -0.20136 0.75122
v 0.13466 -0.20136 0.75122
v 0.13466 -0.20136 0.75122
v 0.13466 -0.20136 0.75122
v 0.13466 -0.20136 0.75122
v 0.13466 -0.20136 0.75122
v 0.13466 -0.20136 0.75122
v 0.13466 -0.20136 0.75122
v 0.14657 -0.20136 0.74864
v 0.14539 -0.19745 0.74864
v 0.14208 -0.19432 0.74864
v 0.13731 -0.19258 0.74864
v 0.13201 -0.19258 0.74864
v 0.12723 -0.19432 0.74864
v 0.12393 -0.19745 0.74864
v 0.12275 -0.20136 0.74864
v 0.12393 -0.20527 0.74864
v 0.12723 -0.20840 0.74864
v 0.13201 -0.21014 0.74864
v 0.13731 -0.21014 0.74864
v 0.14208 -0.20840 0.74864
v 0.14539 -0.20527 0.74864
v 0.14657 -0.20136 0.74864
v 0.15731 -0.20136 0.74116
v 0.15507 -0.19393 0.74116
v 0.14878 -0.18797 0.74116
v 0.13970 -0.18466 0.74116
v 0.12962 -0.18466 0.74116
v 0.12053 -0.18797 0.74116
v 0.11425 -0.19393 0.74116
v 0.11200 -0.20136 0.74116
v 0.11425 -0.20879 0.74116
v 0.12053 -0.21475 0.74116
v 0.12962 -0.21806 0.74116
v 0.13970 -0.21806 0.74116
v 0.14878 -0.21475 0.74116
v 0.15507 -0.20879 0.74116
v 0.15731 -0.20136 0.74116
v 0.16584 -0.20136 0.72952
v 0.16275 -0.19113 0.72952
v 0.15410 -0.18293 0.72952
v 0.14159 -0.17838 0.72952
v 0.12772 -0.17838 0.72952
v 0.11522 -0.18293 0.72952
v 0.10656 -0.19113 0.72952
v 0.10348 -0.20136 0.72952
v 0.10656 -0.21159 0.72952
v 0.11522 -0.21979 0.72952
v 0.12772 -0.22434 0.72952
v 0.14159 -0.22434 0.72952
v 0.15410 -0.21979 0.72952
v 0.16275 -0.21159 0.72952
v 0.16584 -0.20136 0.72952
v 0.17131 -0.20136 0.71484
v 0.16768 -0.18934 0.71484
v 0.15751 -0.17969 0.71484
v 0.14281 -0.17434 0.71484
v 0.12650 -0.17434 0.71484
v 0.11180 -0.17969 0.71484
v 0.10163 -0.18934 0.71484
v 0.09800 -0.20136 0.71484
v 0.10163 -0.21338 0.71484
v 0.11180 -0.22303 0.71484
v 0.12650 -0.22838 0.71484
v 0.14281 -0.22838 0.71484
v 0.15751 -0.22303 0.71484
v 0.16768 -0.21338 0.71484
v 0.17131 -0.20136 0.71484
v 0.17320 -0.20136 0.69858
v 0.16938 -0.18872 0.69858
v 0.15869 -0.17858 0.69858
v 0.14323 -0.17295 0.69858
v 0.12608 -0.17295 0.69858
v 0.11063 -0.17858 0.69858
v 0.09993 -0.18872 0.69858
v 0.09612 -0.20136 0.69858
v 0.09993 -0.21400 0.69858
v 0.11063 -0.22414 0.69858
v 0.12608 -0.22977 0.69858
v 0.14323 -0.22977 0.69858
v 0.15869 -0.22414 0.69858
v 0.16938 -0.21400 0.69858
v 0.17320 -0.20136 0.69858
v 0.17131 -0.20136 0.68231
v 0.16768 -0.18934 0.68231
v 0.15751 -0.17969 0.68231
v 0.14281 -0.17434 0.68231
v 0.12650 -0.17434 0.68231
v 0.11180 -0.17969 0.68231
v 0.10163 -0.18934 0.68231
v 0.09800 -0.20136 0.68231
v 0.10163 -0.21338 0.68231
v 0.11180 -0.22303 0.68231
v 0.12650 -0.22838 0.68231
v 0.14281 -0.22838 0.68231
v 0.15751 -0.22303 0.68231
v 0.16768 -0.21338 0.68231
v 0.17131 -0.20136 0.68231
v 0.16584 -0.20136 0.66764
v 0.16275 -0.19113 0.66764
v 0.15410 -0.18293 0.66764
v 0.14159 -0.17838 0.66764
v 0.12772 -0.17838 0.66764
v 0.11522 -0.18293 0.66764
v 0.10656 -0.19113 0.66764
v 0.10348 -0.20136 0.66764
v 0.10656 -0.21159 0.66764
v 0.11522 -0.21979 0.66764
v 0.12772 -0.22434 0.66764
v 0.14159 -0.22434 0.66764
v 0.15410 -0.21979 0.66764
v 0.16275 -0.21159 0.66764
v 0.16584 -0.20136 0.66764
v 0.15731 -0.20136 0.65599
v 0.15507 -0.19393 0.65599
v 0.14878 -0.18797 0.65599
v 0.13970 -0.18466 0.65599
v 0.12962 -0.18466 0.65599
v 0.12053 -0.18797 0.65599
v 0.11425 -0.19393 0.65599
v 0.11200 -0.20136 0.65599
v 0.11425 -0.20879 0.65599
v 0.12053 -0.21475 0.65599
v 0.12962 -0.21806 0.65599
v 0.13970 -0.21806 0.65599
v 0.14878 -0.21475 0.65599
v 0.15507 -0.20879 0.65599
v 0.15731 -0.20136 0.65599
v 0.14657 -0.20136 0.64851
v 0.14539 -0.19745 0.64851
v 0.14208 -0.19432 0.64851
v 0.13731 -0.19258 0.64851
v 0.13201 -0.19258 0.64851
v 0.12723 -0.19432 0.64851
v 0.12393 -0.19745 0.64851
v 0.12275 -0.20136 0.64851
v 0.12393 -0.20527 0.64851
v 0.12723 -0.20840 0.64851
v 0.13201 -0.21014 0.64851
v 0.13731 -0.21014 0.64851
v 0.14208 -0.20840 0.64851
v 0.14539 -0.20527 0.64851
v 0.14657 -0.20136 0.64851
v 0.13466 -0.20136 0.64594
v 0.13466 -0.20136 0.64594
v 0.13466 -0.20136 0.64594
v 0.13466 -0.20136 0.64594
v 0.13466 -0.20136 0.64594
v 0.13466 -0.20136 0.64594
v 0.13466 -0.20136 0.64594
v 0.13466 -0.20136 0.64594
v 0.13466 -0.20136 0.64594
v 0.13466 -0.20136 0.64594
v 0.13466 -0.20136 0.64594
v 0.13466 -0.20136 0.64594
v 0.13466 -0.20136 0.64594
v 0.13466 -0.20136 0.64594
v 0.13466 -0.20136 0.64594
v -0.04888 0.00000 1.34290
v -0.04233 -0.02444 1.34290
v -0.02444 -0.04233 1.34290
v -0.00000 -0.04888 1.34290
v 0.02444 -0.04233 1.34290
v 0.04233 -0.02444 1.34290
v 0.04888 -0.00000 1.34290
v 0.04233 0.02444 1.34290
v 0.02444 0.04233 1.34290
v 0.00000 0.04888 1.34290
v -0.02444 0.04233 1.34290
v -0.04233 0.02444 1.34290
v -0.04888 0.00000 1.34290
v -0.04512 0.00000 1.40180
v -0.03908 -0.02256 1.40180
v -0.02256 -0.03908 1.40180
v -0.00000 -0.04512 1.40180
v 0.02256 -0.03908 1.40180
v 0.03908 -0.02256 1.40180
v 0.04512 -0.00000 1.40180
v 0.03908 0.02256 1.40180
v 0.02256 0.03908 1.40180
v 0.00000 0.04512 1.40180
v -0.02256 0.03908 1.40180
v -0.03908 0.02256 1.40180
v -0.04512 0.00000 1.40180
v 0.00000 0.00000 1.34290
v 0.00000 0.00000 1.40180
v 0.00000 0.00000 1.61585
v 0.00000 0.00000 1.61585
v 0.00000 0.00000 1.61585
v 0.00000 0.00000 1.61585
v 0.00000 0.00000 1.61585
v 0.00000 0.00000 1.61585
v 0.00000 0.00000 1.61585
v 0.00000 0.00000 1.61585
v 0.00000 0.00000 1.61585
v 0.00000 0.00000 1.61585
v 0.00000 0.00000 1.61585
v 0.00000 0.00000 1.61585
v 0.00000 0.00000 1.61585
v 0.00000 0.00000 1.61585
v 0.00000 0.00000 1.61585
v 0.02847 0.00000 1.61056
v 0.02565 0.01084 1.61056
v 0.01775 0.01953 1.61056
v 0.00633 0.02435 1.61056
v -0.00633 0.02435 1.61056
v -0.01775 0.01953 1.61056
v -0.02565 0.01084 1.61056
v -0.02847 0.00000 1.61056
v -0.02565 -0.01084 1.61056
v -0.01775 -0.01953 1.61056
v -0.00633 -0.02435 1.61056
v 0.00633 -0.02435 1.61056
v 0.01775 -0.01953 1.61056
v 0.02565 -0.01084 1.61056
v 0.02847 -0.00000 1.61056
v 0.05415 0.00000 1.59520
v 0.04878 0.02062 1.59520
v 0.03376 0.03715 1.59520
v 0.01205 0.04633 1.59520
v -0.01205 0.04633 1.59520
v -0.03376 0.03715 1.59520
v -0.04878 0.02062 1.59520
v -0.05415 0.00000 1.59520
v -0.04878 -0.02062 1.59520
v -0.03376 -0.03715 1.59520
v -0.01205 -0.04633 1.59520
v 0.01205 -0.04633 1.59520
v 0.03376 -0.03715 1.59520
v 0.04878 -0.02062 1.59520
v 0.05415 -0.00000 1.59520
v 0.07453 0.00000 1.57129
v 0.06715 0.02838 1.57129
v 0.04647 0.05113 1.57129
v 0.01658 0.06376 1.57129
v -0.01658 0.06376 1.57129
v -0.04647 0.05113 1.57129
v -0.06715 0.02838 1.57129
v -0.07453 0.00000 1.57129
v -0.06715 -0.02838 1.57129
v -0.04647 -0.05113 1.57129
v -0.01658 -0.06376 1.57129
v 0.01658 -0.06376 1.57129
v 0.04647 -0.05113 1.57129
v 0.06715 -0.02838 1.57129
v 0.07453 -0.00000 1.57129
v 0.08761 0.00000 1.54115
v 0.07894 0.03336 1.54115
v 0.05462 0.06011 1.54115
v 0.01950 0.07496 1.54115
v -0.01950 0.07496 1.54115
v -0.05462 0.06011 1.54115
v -0.07894 0.03336 1.54115
v -0.08761 0.00000 1.54115
v -0.07894 -0.03336 1.54115
v -0.05462 -0.06011 1.54115
v -0.01950 -0.07496 1.54115
v 0.01950 -0.07496 1.54115
v 0.05462 -0.06011 1.54115
v 0.07894 -0.03336 1.54115
v 0.08761 -0.00000 1.54115
v 0.09212 0.00000 1.50775
v 0.08300 0.03508 1.50775
v 0.05744 0.06320 1.50775
v 0.02050 0.07881 1.50775
v -0.02050 0.07881 1.50775
v -0.05744 0.06320 1.50775
v -0.08300 0.03508 1.50775
v -0.09212 0.00000 1.50775
v -0.08300 -0.03508 1.50775
v -0.05744 -0.06320 1.50775
v -0.02050 -0.07881 1.50775
v 0.02050 -0.07881 1.50775
v 0.05744 -0.06320 1.50775
v 0.08300 -0.03508 1.50775
v 0.09212 -0.00000 1.50775
v 0.08761 0.00000 1.47435
v 0.07894 0.03336 1.47435
v 0.05462 0.06011 1.47435
v 0.01950 0.07496 1.47435
v -0.01950 0.07496 1.47435
v -0.05462 0.06011 1.47435
v -0.07894 0.03336 1.47435
v -0.08761 0.00000 1.47435
v -0.07894 -0.03336 1.47435
v -0.05462 -0.06011 1.47435
v -0.01950 -0.07496 1.47435
v 0.01950 -0.07496 1.47435
v 0.05462 -0.06011 1.47435
v 0.07894 -0.03336 1.47435
v 0.08761 -0.00000 1.47435
v 0.07453 0.00000 1.44421
v 0.06715 0.02838 1.44421
v 0.04647 0.05113 1.44421
v 0.01658 0.06376 1.44421
v -0.01658 0.06376 1.44421
v -0.04647 0.05113 1.44421
v -0.06715 0.02838 1.44421
v -0.07453 0.00000 1.44421
v -0.06715 -0.02838 1.44421
v -0.04647 -0.05113 1.44421
v -0.01658 -0.06376 1.44421
v 0.01658 -0.06376 1.44421
v 0.04647 -0.05113 1.44421
v 0.06715 -0.02838 1.44421
v 0.07453 -0.00000 1.44421
v 0.05415 0.00000 1.42030
v 0.04878 0.02062 1.42030
v 0.03376 0.03715 1.42030
v 0.01205 0.04633 1.42030
v -0.01205 0.04633 1.42030
v -0.03376 0.03715 1.42030
v -0.04878 0.02062 1.42030
v -0.05415 0.00000 1.42030
v -0.04878 -0.02062 1.42030
v -0.03376 -0.03715 1.42030
v -0.01205 -0.04633 1.42030
v 0.01205 -0.04633 1.42030
v 0.03376 -0.03715 1.42030
v 0.04878 -0.02062 1.42030
v 0.05415 -0.00000 1.42030
v 0.02847 0.00000 1.40494
v 0.02565 0.01084 1.40494
v 0.01775 0.01953 1.40494
v 0.00633 0.02435 1.40494
v -0.00633 0.02435 1.40494
v -0.01775 0.01953 1.40494
v -0.02565 0.01084 1.40494
v -0.02847 0.00000 1.40494
v -0.02565 -0.01084 1.40494
v -0.01775 -0.01953 1.40494
v -0.00633 -0.02435 1.40494
v 0.00633 -0.02435 1.40494
v 0.01775 -0.01953 1.40494
v 0.02565 -0.01084 1.40494
v 0.02847 -0.00000 1.40494
v 0.00000 0.00000 1.39965
v 0.00000 0.00000 1.39965
v 0.00000 0.00000 1.39965
v 0.00000 0.00000 1.39965
v -0.00000 0.00000 1.39965
v -0.00000 0.00000 1.39965
v -0.00000 0.00000 1.39965
v -0.00000 0.00000 1.39965
v -0.00000 -0.00000 1.39965
v -0.00000 -0.00000 1.39965
v -0.00000 -0.00000 1.39965
v 0.00000 -0.00000 1.39965
v 0.00000 -0.00000 1.39965
v 0.00000 -0.00000 1.39965
v 0.00000 -0.00000 1.39965
v -0.01504 0.00000 1.62525
v -0.01504 0.00000 1.62525
v -0.01504 0.00000 1.62525
v -0.01504 0.00000 1.62525
v -0.01504 0.00000 1.62525
v -0.01504 0.00000 1.62525
v -0.01504 0.00000 1.62525
v -0.01504 0.00000 1.62525
v -0.01504 0.00000 1.62525
v -0.01504 0.00000 1.62525
v -0.01504 0.00000 1.62525
v -0.01504 0.00000 1.62525
v -0.01504 0.00000 1.62525
v -0.01504 0.00000 1.62525
v -0.01504 0.00000 1.62525
v 0.01372 0.00000 1.62005
v 0.01087 0.01134 1.62005
v 0.00289 0.02044 1.62005
v -0.00864 0.02549 1.62005
v -0.02144 0.02549 1.62005
v -0.03297 0.02044 1.62005
v -0.04095 0.01134 1.62005
v -0.04380 0.00000 1.62005
v -0.04095 -0.01134 1.62005
v -0.03297 -0.02044 1.62005
v -0.02144 -0.02549 1.62005
v -0.00864 -0.02549 1.62005
v 0.00289 -0.02044 1.62005
v 0.01087 -0.01134 1.62005
v 0.01372 -0.00000 1.62005
v 0.03966 0.00000 1.60496
v 0.03424 0.02158 1.60496
v 0.01906 0.03888 1.60496
v -0.00287 0.04848 1.60496
v -0.02721 0.04848 1.60496
v -0.04914 0.03888 1.60496
v -0.06432 0.02158 1.60496
v -0.06974 0.00000 1.60496
v -0.06432 -0.02158 1.60496
v -0.04914 -0.03888 1.60496
v -0.02721 -0.04848 1.60496
v -0.00287 -0.04848 1.60496
v 0.01906 -0.03888 1.60496
v 0.03424 -0.02158 1.60496
v 0.03966 -0.00000 1.60496
v 0.06025 0.00000 1.58146
v 0.05279 0.02970 1.58146
v 0.03190 0.05351 1.58146
v 0.00171 0.06673 1.58146
v -0.03179 0.06673 1.58146
v -0.06198 0.05351 1.58146
v -0.08287 0.02970 1.58146
v -0.09033 0.00000 1.58146
v -0.08287 -0.02970 1.58146
v -0.06198 -0.05351 1.58146
v -0.03179 -0.06673 1.58146
v 0.00171 -0.06673 1.58146
v 0.03190 -0.05351 1.58146
v 0.05279 -0.02970 1.58146
v 0.06025 -0.00000 1.58146
v 0.07347 0.00000 1.55185
v 0.06470 0.03491 1.55185
v 0.04014 0.06291 1.55185
v 0.00465 0.07844 1.55185
v -0.03473 0.07844 1.55185
v -0.07022 0.06291 1.55185
v -0.09478 0.03491 1.55185
v -0.10355 0.00000 1.55185
v -0.09478 -0.03491 1.55185
v -0.07022 -0.06291 1.55185
v -0.03473 -0.07844 1.55185
v 0.00465 -0.07844 1.55185
v 0.04014 -0.06291 1.55185
v 0.06470 -0.03491 1.55185
v 0.07347 -0.00000 1.55185
vt 0.00049 0.25049
vt 0.04207 0.25049
vt 0.08366 0.25049
vt 0.12524 0.25049
vt 0.16683 0.25049
vt 0.20841 0.25049
vt 0.25000 0.25049
vt 0.29159 0.25049
vt 0.33317 0.25049
vt 0.37476 0.25049
vt 0.41634 0.25049
vt 0.45793 0.25049
vt 0.49951 0.25049
vt 0.00049 0.49951
vt 0.04207 0.49951
vt 0.08366 0.49951
vt 0.12524 0.49951
vt 0.16683 0.49951
vt 0.20841 0.49951
vt 0.25000 0.49951
vt 0.29159 0.49951
vt 0.33317 0.49951
vt 0.37476 0.49951
vt 0.41634 0.49951
vt 0.45793 0.49951
vt 0.49951 0.49951
vt 0.25000 0.37500
vt 0.25000 0.37500
vt 0.00049 0.25049
vt 0.04207 0.25049
vt 0.08366 0.25049
vt 0.12524 0.25049
vt 0.16683 0.25049
vt 0.20841 0.25049
vt 0.25000 0.25049
vt 0.29159 0.25049
vt 0.33317 0.25049
vt 0.37476 0.25049
vt 0.41634 0.25049
vt 0.45793 0.25049
vt 0.49951 0.25049
vt 0.00049 0.49951
vt 0.04207 0.49951
vt 0.08366 0.49951
vt 0.12524 0.49951
vt 0.16683 0.49951
vt 0.20841 0.49951
vt 0.25000 0.49951
vt 0.29159 0.49951
vt 0.33317 0.49951
vt 0.37476 0.49951
vt 0.41634 0.49951
vt 0.45793 0.49951
vt 0.49951 0.49951
vt 0.25000 0.37500
vt 0.25000 0.37500
vt 0.50049 0.25049
vt 0.52124 0.25049
vt 0.54199 0.25049
vt 0.56274 0.25049
vt 0.58350 0.25049
vt 0.60425 0.25049
vt 0.62500 0.25049
vt 0.64575 0.25049
vt 0.66650 0.25049
vt 0.68726 0.25049
vt 0.70801 0.25049
vt 0.72876 0.25049
vt 0.74951 0.25049
vt 0.50049 0.49951
vt 0.52124 0.49951
vt 0.54199 0.49951
vt 0.56274 0.49951
vt 0.58350 0.49951
vt 0.60425 0.49951
vt 0.62500 0.49951
vt 0.64575 0.49951
vt 0.66650 0.49951
vt 0.68726 0.49951
vt 0.70801 0.49951
vt 0.72876 0.49951
vt 0.74951 0.49951
vt 0.62500 0.37500
vt 0.62500 0.37500
vt 0.00049 0.25049
vt 0.04207 0.25049
vt 0.08366 0.25049
vt 0.12524 0.25049
vt 0.16683 0.25049
vt 0.20841 0.25049
vt 0.25000 0.25049
vt 0.29159 0.25049
vt 0.33317 0.25049
vt 0.37476 0.25049
vt 0.41634 0.25049
vt 0.45793 0.25049
vt 0.49951 0.25049
vt 0.00049 0.49951
vt 0.04207 0.49951
vt 0.08366 0.49951
vt 0.12524 0.49951
vt 0.16683 0.49951
vt 0.20841 0.49951
vt 0.25000 0.49951
vt 0.29159 0.49951
vt 0.33317 0.49951
vt 0.37476 0.49951
vt 0.41634 0.49951
vt 0.45793 0.49951
vt 0.49951 0.49951
vt 0.25000 0.37500
vt 0.25000 0.37500
vt 0.00049 0.25049
vt 0.04207 0.25049
vt 0.08366 0.25049
vt 0.12524 0.25049
vt 0.16683 0.25049
vt 0.20841 0.25049
vt 0.25000 0.25049
vt 0.29159 0.25049
vt 0.33317 0.25049
vt 0.37476 0.25049
vt 0.41634 0.25049
vt 0.45793 0.25049
vt 0.49951 0.25049
vt 0.00049 0.49951
vt 0.04207 0.49951
vt 0.08366 0.49951
vt 0.12524 0.49951
vt 0.16683 0.49951
vt 0.20841 0.49951
vt 0.25000 0.49951
vt 0.29159 0.49951
vt 0.33317 0.49951
vt 0.37476 0.49951
vt 0.41634 0.49951
vt 0.45793 0.49951
vt 0.49951 0.49951
vt 0.25000 0.37500
vt 0.25000 0.37500
vt 0.50049 0.25049
vt 0.52124 0.25049
vt 0.54199 0.25049
vt 0.56274 0.25049
vt 0.58350 0.25049
vt 0.60425 0.25049
vt 0.62500 0.25049
vt 0.64575 0.25049
vt 0.66650 0.25049
vt 0.68726 0.25049
vt 0.70801 0.25049
vt 0.72876 0.25049
vt 0.74951 0.25049
vt 0.50049 0.49951
vt 0.52124 0.49951
vt 0.54199 0.49951
vt 0.56274 0.49951
vt 0.58350 0.49951
vt 0.60425 0.49951
vt 0.62500 0.49951
vt 0.64575 0.49951
vt 0.66650 0.49951
vt 0.68726 0.49951
vt 0.70801 0.49951
vt 0.72876 0.49951
vt 0.74951 0.49951
vt 0.62500 0.37500
vt 0.62500 0.37500
vt 0.00049 0.25049
vt 0.04207 0.25049
vt 0.08366 0.25049
vt 0.12524 0.25049
vt 0.16683 0.25049
vt 0.20841 0.25049
vt 0.25000 0.25049
vt 0.29159 0.25049
vt 0.33317 0.25049
vt 0.37476 0.25049
vt 0.41634 0.25049
vt 0.45793 0.25049
vt 0.49951 0.25049
vt 0.00049 0.49951
vt 0.04207 0.49951
vt 0.08366 0.49951
vt 0.12524 0.49951
vt 0.16683 0.49951
vt 0.20841 0.49951
vt 0.25000 0.49951
vt 0.29159 0.49951
vt 0.33317 0.49951
vt 0.37476 0.49951
vt 0.41634 0.49951
vt 0.45793 0.49951
vt 0.49951 0.49951
vt 0.25000 0.37500
vt 0.25000 0.37500
vt 0.75049 0.50049
vt 0.77124 0.50049
vt 0.79199 0.50049
vt 0.81274 0.50049
vt 0.83350 0.50049
vt 0.85425 0.50049
vt 0.87500 0.50049
vt 0.89575 0.50049
vt 0.91650 0.50049
vt 0.93726 0.50049
vt 0.95801 0.50049
vt 0.97876 0.50049
vt 0.99951 0.50049
vt 0.75049 0.74951
vt 0.77124 0.74951
vt 0.79199 0.74951
vt 0.81274 0.74951
vt 0.83350 0.74951
vt 0.85425 0.74951
vt 0.87500 0.74951
vt 0.89575 0.74951
vt 0.91650 0.74951
vt 0.93726 0.74951
vt 0.95801 0.74951
vt 0.97876 0.74951
vt 0.99951 0.74951
vt 0.87500 0.62500
vt 0.87500 0.62500
vt 0.75049 0.50049
vt 0.77124 0.50049
vt 0.79199 0.50049
vt 0.81274 0.50049
vt 0.83350 0.50049
vt 0.85425 0.50049
vt 0.87500 0.50049
vt 0.89575 0.50049
vt 0.91650 0.50049
vt 0.93726 0.50049
vt 0.95801 0.50049
vt 0.97876 0.50049
vt 0.99951 0.50049
vt 0.75049 0.74951
vt 0.77124 0.74951
vt 0.79199 0.74951
vt 0.81274 0.74951
vt 0.83350 0.74951
vt 0.85425 0.74951
vt 0.87500 0.74951
vt 0.89575 0.74951
vt 0.91650 0.74951
vt 0.93726 0.74951
vt 0.95801 0.74951
vt 0.97876 0.74951
vt 0.99951 0.74951
vt 0.87500 0.62500
vt 0.87500 0.62500
vt 0.87500 0.66733
vt 0.88105 0.66733
vt 0.88710 0.66733
vt 0.89314 0.66733
vt 0.89919 0.66733
vt 0.90524 0.66733
vt 0.91129 0.66733
vt 0.83267 0.66733
vt 0.83871 0.66733
vt 0.84476 0.66733
vt 0.85081 0.66733
vt 0.85686 0.66733
vt 0.86290 0.66733
vt 0.86895 0.66733
vt 0.87500 0.66733
vt 0.87500 0.65887
vt 0.88105 0.65887
vt 0.88710 0.65887
vt 0.89314 0.65887
vt 0.89919 0.65887
vt 0.90524 0.65887
vt 0.91129 0.65887
vt 0.83267 0.65887
vt 0.83871 0.65887
vt 0.84476 0.65887
vt 0.85081 0.65887
vt 0.85686 0.65887
vt 0.86290 0.65887
vt 0.86895 0.65887
vt 0.87500 0.65887
vt 0.87500 0.65040
vt 0.88105 0.65040
vt 0.88710 0.65040
vt 0.89314 0.65040
vt 0.89919 0.65040
vt 0.90524 0.65040
vt 0.91129 0.65040
vt 0.83267 0.65040
vt 0.83871 0.65040
vt 0.84476 0.65040
vt 0.85081 0.65040
vt 0.85686 0.65040
vt 0.86290 0.65040
vt 0.86895 0.65040
vt 0.87500 0.65040
vt 0.87500 0.64193
vt 0.88105 0.64193
vt 0.88710 0.64193
vt 0.89314 0.64193
vt 0.89919 0.64193
vt 0.90524 0.64193
vt 0.91129 0.64193
vt 0.83267 0.64193
vt 0.83871 0.64193
vt 0.84476 0.64193
vt 0.85081 0.64193
vt 0.85686 0.64193
vt 0.86290 0.64193
vt 0.86895 0.64193
vt 0.87500 0.64193
vt 0.87500 0.63347
vt 0.88105 0.63347
vt 0.88710 0.63347
vt 0.89314 0.63347
vt 0.89919 0.63347
vt 0.90524 0.63347
vt 0.91129 0.63347
vt 0.83267 0.63347
vt 0.83871 0.63347
vt 0.84476 0.63347
vt 0.85081 0.63347
vt 0.85686 0.63347
vt 0.86290 0.63347
vt 0.86895 0.63347
vt 0.87500 0.63347
vt 0.87500 0.62500
vt 0.88105 0.62500
vt 0.88710 0.62500
vt 0.89314 0.62500
vt 0.89919 0.62500
vt 0.90524 0.62500
vt 0.91129 0.62500
vt 0.83267 0.62500
vt 0.83871 0.62500
vt 0.84476 0.62500
vt 0.85081 0.62500
vt 0.85686 0.62500
vt 0.86290 0.62500
vt 0.86895 0.62500
vt 0.87500 0.62500
vt 0.87500 0.61653
vt 0.88105 0.61653
vt 0.88710 0.61653
vt 0.89314 0.61653
vt 0.89919 0.61653
vt 0.90524 0.61653
vt 0.91129 0.61653
vt 0.83267 0.61653
vt 0.83871 0.61653
vt 0.84476 0.61653
vt 0.85081 0.61653
vt 0.85686 0.61653
vt 0.86290 0.61653
vt 0.86895 0.61653
vt 0.87500 0.61653
vt 0.87500 0.60807
vt 0.88105 0.60807
vt 0.88710 0.60807
vt 0.89314 0.60807
vt 0.89919 0.60807
vt 0.90524 0.60807
vt 0.91129 0.60807
vt 0.83267 0.60807
vt 0.83871 0.60807
vt 0.84476 0.60807
vt 0.85081 0.60807
vt 0.85686 0.60807
vt 0.86290 0.60807
vt 0.86895 0.60807
vt 0.87500 0.60807
vt 0.87500 0.59960
vt 0.88105 0.59960
vt 0.88710 0.59960
vt 0.89314 0.59960
vt 0.89919 0.59960
vt 0.90524 0.59960
vt 0.91129 0.59960
vt 0.83267 0.59960
vt 0.83871 0.59960
vt 0.84476 0.59960
vt 0.85081 0.59960
vt 0.85686 0.59960
vt 0.86290 0.59960
vt 0.86895 0.59960
vt 0.87500 0.59960
vt 0.87500 0.59113
vt 0.88105 0.59113
vt 0.88710 0.59113
vt 0.89314 0.59113
vt 0.89919 0.59113
vt 0.90524 0.59113
vt 0.91129 0.59113
vt 0.83267 0.59113
vt 0.83871 0.59113
vt 0.84476 0.59113
vt 0.85081 0.59113
vt 0.85686 0.59113
vt 0.86290 0.59113
vt 0.86895 0.59113
vt 0.87500 0.59113
vt 0.87500 0.58267
vt 0.88105 0.58267
vt 0.88710 0.58267
vt 0.89314 0.58267
vt 0.89919 0.58267
vt 0.90524 0.58267
vt 0.91129 0.58267
vt 0.83267 0.58267
vt 0.83871 0.58267
vt 0.84476 0.58267
vt 0.85081 0.58267
vt 0.85686 0.58267
vt 0.86290 0.58267
vt 0.86895 0.58267
vt 0.87500 0.58267
vt 0.75049 0.50049
vt 0.77124 0.50049
vt 0.79199 0.50049
vt 0.81274 0.50049
vt 0.83350 0.50049
vt 0.85425 0.50049
vt 0.87500 0.50049
vt 0.89575 0.50049
vt 0.91650 0.50049
vt 0.93726 0.50049
vt 0.95801 0.50049
vt 0.97876 0.50049
vt 0.99951 0.50049
vt 0.75049 0.74951
vt 0.77124 0.74951
vt 0.79199 0.74951
vt 0.81274 0.74951
vt 0.83350 0.74951
vt 0.85425 0.74951
vt 0.87500 0.74951
vt 0.89575 0.74951
vt 0.91650 0.74951
vt 0.93726 0.74951
vt 0.95801 0.74951
vt 0.97876 0.74951
vt 0.99951 0.74951
vt 0.87500 0.62500
vt 0.87500 0.62500
vt 0.87500 0.66733
vt 0.88105 0.66733
vt 0.88710 0.66733
vt 0.89314 0.66733
vt 0.89919 0.66733
vt 0.90524 0.66733
vt 0.91129 0.66733
vt 0.83267 0.66733
vt 0.83871 0.66733
vt 0.84476 0.66733
vt 0.85081 0.66733
vt 0.85686 0.66733
vt 0.86290 0.66733
vt 0.86895 0.66733
vt 0.87500 0.66733
vt 0.87500 0.65887
vt 0.88105 0.65887
vt 0.88710 0.65887
vt 0.89314 0.65887
vt 0.89919 0.65887
vt 0.90524 0.65887
vt 0.91129 0.65887
vt 0.83267 0.65887
vt 0.83871 0.65887
vt 0.84476 0.65887
vt 0.85081 0.65887
vt 0.85686 0.65887
vt 0.86290 0.65887
vt 0.86895 0.65887
vt 0.87500 0.65887
vt 0.87500 0.65040
vt 0.88105 0.65040
vt 0.88710 0.65040
vt 0.89314 0.65040
vt 0.89919 0.65040
vt 0.90524 0.65040
vt 0.91129 0.65040
vt 0.83267 0.65040
vt 0.83871 0.65040
vt 0.84476 0.65040
vt 0.85081 0.65040
vt 0.85686 0.65040
vt 0.86290 0.65040
vt 0.86895 0.65040
vt 0.87500 0.65040
vt 0.87500 0.64193
vt 0.88105 0.64193
vt 0.88710 0.64193
vt 0.89314 0.64193
vt 0.89919 0.64193
vt 0.90524 0.64193
vt 0.91129 0.64193
vt 0.83267 0.64193
vt 0.83871 0.64193
vt 0.84476 0.64193
vt 0.85081 0.64193
vt 0.85686 0.64193
vt 0.86290 0.64193
vt 0.86895 0.64193
vt 0.87500 0.64193
vt 0.87500 0.63347
vt 0.88105 0.63347
vt 0.88710 0.63347
vt 0.89314 0.63347
vt 0.89919 0.63347
vt 0.90524 0.63347
vt 0.91129 0.63347
vt 0.83267 0.63347
vt 0.83871 0.63347
vt 0.84476 0.63347
vt 0.85081 0.63347
vt 0.85686 0.63347
vt 0.86290 0.63347
vt 0.86895 0.63347
vt 0.87500 0.63347
vt 0.87500 0.62500
vt 0.88105 0.62500
vt 0.88710 0.62500
vt 0.89314 0.62500
vt 0.89919 0.62500
vt 0.90524 0.62500
vt 0.91129 0.62500
vt 0.83267 0.62500
vt 0.83871 0.62500
vt 0.84476 0.62500
vt 0.85081 0.62500
vt 0.85686 0.62500
vt 0.86290 0.62500
vt 0.86895 0.62500
vt 0.87500 0.62500
vt 0.87500 0.61653
vt 0.88105 0.61653
vt 0.88710 0.61653
vt 0.89314 0.61653
vt 0.89919 0.61653
vt 0.90524 0.61653
vt 0.91129 0.61653
vt 0.83267 0.61653
vt 0.83871 0.61653
vt 0.84476 0.61653
vt 0.85081 0.61653
vt 0.85686 0.61653
vt 0.86290 0.61653
vt 0.86895 0.61653
vt 0.87500 0.61653
vt 0.87500 0.60807
vt 0.88105 0.60807
vt 0.88710 0.60807
vt 0.89314 0.60807
vt 0.89919 0.60807
vt 0.90524 0.60807
vt 0.91129 0.60807
vt 0.83267 0.60807
vt 0.83871 0.60807
vt 0.84476 0.60807
vt 0.85081 0.60807
vt 0.85686 0.60807
vt 0.86290 0.60807
vt 0.86895 0.60807
vt 0.87500 0.60807
vt 0.87500 0.59960
vt 0.88105 0.59960
vt 0.88710 0.59960
vt 0.89314 0.59960
vt 0.89919 0.59960
vt 0.90524 0.59960
vt 0.91129 0.59960
vt 0.83267 0.59960
vt 0.83871 0.59960
vt 0.84476 0.59960
vt 0.85081 0.59960
vt 0.85686 0.59960
vt 0.86290 0.59960
vt 0.86895 0.59960
vt 0.87500 0.59960
vt 0.87500 0.59113
vt 0.88105 0.59113
vt 0.88710 0.59113
vt 0.89314 0.59113
vt 0.89919 0.59113
vt 0.90524 0.59113
vt 0.91129 0.59113
vt 0.83267 0.59113
vt 0.83871 0.59113
vt 0.84476 0.59113
vt 0.85081 0.59113
vt 0.85686 0.59113
vt 0.86290 0.59113
vt 0.86895 0.59113
vt 0.87500 0.59113
vt 0.87500 0.58267
vt 0.88105 0.58267
vt 0.88710 0.58267
vt 0.89314 0.58267
vt 0.89919 0.58267
vt 0.90524 0.58267
vt 0.91129 0.58267
vt 0.83267 0.58267
vt 0.83871 0.58267
vt 0.84476 0.58267
vt 0.85081 0.58267
vt 0.85686 0.58267
vt 0.86290 0.58267
vt 0.86895 0.58267
vt 0.87500 0.58267
vt 0.75049 0.50049
vt 0.77124 0.50049
vt 0.79199 0.50049
vt 0.81274 0.50049
vt 0.83350 0.50049
vt 0.85425 0.50049
vt 0.87500 0.50049
vt 0.89575 0.50049
vt 0.91650 0.50049
vt 0.93726 0.50049
vt 0.95801 0.50049
vt 0.97876 0.50049
vt 0.99951 0.50049
vt 0.75049 0.74951
vt 0.77124 0.74951
vt 0.79199 0.74951
vt 0.81274 0.74951
vt 0.83350 0.74951
vt 0.85425 0.74951
vt 0.87500 0.74951
vt 0.89575 0.74951
vt 0.91650 0.74951
vt 0.93726 0.74951
vt 0.95801 0.74951
vt 0.97876 0.74951
vt 0.99951 0.74951
vt 0.87500 0.62500
vt 0.87500 0.62500
vt 0.12500 0.91235
vt 0.13034 0.91235
vt 0.13567 0.91235
vt 0.14101 0.91235
vt 0.14634 0.91235
vt 0.15168 0.91235
vt 0.15702 0.91235
vt 0.08765 0.91235
vt 0.09298 0.91235
vt 0.09832 0.91235
vt 0.10366 0.91235
vt 0.10899 0.91235
vt 0.11433 0.91235
vt 0.11966 0.91235
vt 0.12500 0.91235
vt 0.12500 0.90488
vt 0.13034 0.90488
vt 0.13567 0.90488
vt 0.14101 0.90488
vt 0.14634 0.90488
vt 0.15168 0.90488
vt 0.15702 0.90488
vt 0.08765 0.90488
vt 0.09298 0.90488
vt 0.09832 0.90488
vt 0.10366 0.90488
vt 0.10899 0.90488
vt 0.11433 0.90488
vt 0.11966 0.90488
vt 0.12500 0.90488
vt 0.12500 0.89741
vt 0.13034 0.89741
vt 0.13567 0.89741
vt 0.14101 0.89741
vt 0.14634 0.89741
vt 0.15168 0.89741
vt 0.15702 0.89741
vt 0.08765 0.89741
vt 0.09298 0.89741
vt 0.09832 0.89741
vt 0.10366 0.89741
vt 0.10899 0.89741
vt 0.11433 0.89741
vt 0.11966 0.89741
vt 0.12500 0.89741
vt 0.12500 0.88994
vt 0.13034 0.88994
vt 0.13567 0.88994
vt 0.14101 0.88994
vt 0.14634 0.88994
vt 0.15168 0.88994
vt 0.15702 0.88994
vt 0.08765 0.88994
vt 0.09298 0.88994
vt 0.09832 0.88994
vt 0.10366 0.88994
vt 0.10899 0.88994
vt 0.11433 0.88994
vt 0.11966 0.88994
vt 0.12500 0.88994
vt 0.12500 0.88247
vt 0.13034 0.88247
vt 0.13567 0.88247
vt 0.14101 0.88247
vt 0.14634 0.88247
vt 0.15168 0.88247
vt 0.15702 0.88247
vt 0.08765 0.88247
vt 0.09298 0.88247
vt 0.09832 0.88247
vt 0.10366 0.88247
vt 0.10899 0.88247
vt 0.11433 0.88247
vt 0.11966 0.88247
vt 0.12500 0.88247
vt 0.12500 0.87500
vt 0.13034 0.87500
vt 0.13567 0.87500
vt 0.14101 0.87500
vt 0.14634 0.87500
vt 0.15168 0.87500
vt 0.15702 0.87500
vt 0.08765 0.87500
vt 0.09298 0.87500
vt 0.09832 0.87500
vt 0.10366 0.87500
vt 0.10899 0.87500
vt 0.11433 0.87500
vt 0.11966 0.87500
vt 0.12500 0.87500
vt 0.12500 0.86753
vt 0.13034 0.86753
vt 0.13567 0.86753
vt 0.14101 0.86753
vt 0.14634 0.86753
vt 0.15168 0.86753
vt 0.15702 0.86753
vt 0.08765 0.86753
vt 0.09298 0.86753
vt 0.09832 0.86753
vt 0.10366 0.86753
vt 0.10899 0.86753
vt 0.11433 0.86753
vt 0.11966 0.86753
vt 0.12500 0.86753
vt 0.12500 0.86006
vt 0.13034 0.86006
vt 0.13567 0.86006
vt 0.14101 0.86006
vt 0.14634 0.86006
vt 0.15168 0.86006
vt 0.15702 0.86006
vt 0.08765 0.86006
vt 0.09298 0.86006
vt 0.09832 0.86006
vt 0.10366 0.86006
vt 0.10899 0.86006
vt 0.11433 0.86006
vt 0.11966 0.86006
vt 0.12500 0.86006
vt 0.12500 0.85259
vt 0.13034 0.85259
vt 0.13567 0.85259
vt 0.14101 0.85259
vt 0.14634 0.85259
vt 0.15168 0.85259
vt 0.15702 0.85259
vt 0.08765 0.85259
vt 0.09298 0.85259
vt 0.09832 0.85259
vt 0.10366 0.85259
vt 0.10899 0.85259
vt 0.11433 0.85259
vt 0.11966 0.85259
vt 0.12500 0.85259
vt 0.12500 0.84512
vt 0.13034 0.84512
vt 0.13567 0.84512
vt 0.14101 0.84512
vt 0.14634 0.84512
vt 0.15168 0.84512
vt 0.15702 0.84512
vt 0.08765 0.84512
vt 0.09298 0.84512
vt 0.09832 0.84512
vt 0.10366 0.84512
vt 0.10899 0.84512
vt 0.11433 0.84512
vt 0.11966 0.84512
vt 0.12500 0.84512
vt 0.12500 0.83765
vt 0.13034 0.83765
vt 0.13567 0.83765
vt 0.14101 0.83765
vt 0.14634 0.83765
vt 0.15168 0.83765
vt 0.15702 0.83765
vt 0.08765 0.83765
vt 0.09298 0.83765
vt 0.09832 0.83765
vt 0.10366 0.83765
vt 0.10899 0.83765
vt 0.11433 0.83765
vt 0.11966 0.83765
vt 0.12500 0.83765
vt 0.87500 0.66733
vt 0.88105 0.66733
vt 0.88710 0.66733
vt 0.89314 0.66733
vt 0.89919 0.66733
vt 0.90524 0.66733
vt 0.91129 0.66733
vt 0.83267 0.66733
vt 0.83871 0.66733
vt 0.84476 0.66733
vt 0.85081 0.66733
vt 0.85686 0.66733
vt 0.86290 0.66733
vt 0.86895 0.66733
vt 0.87500 0.66733
vt 0.87500 0.65887
vt 0.88105 0.65887
vt 0.88710 0.65887
vt 0.89314 0.65887
vt 0.89919 0.65887
vt 0.90524 0.65887
vt 0.91129 0.65887
vt 0.83267 0.65887
vt 0.83871 0.65887
vt 0.84476 0.65887
vt 0.85081 0.65887
vt 0.85686 0.65887
vt 0.86290 0.65887
vt 0.86895 0.65887
vt 0.87500 0.65887
vt 0.87500 0.65040
vt 0.88105 0.65040
vt 0.88710 0.65040
vt 0.89314 0.65040
vt 0.89919 0.65040
vt 0.90524 0.65040
vt 0.91129 0.65040
vt 0.83267 0.65040
vt 0.83871 0.65040
vt 0.84476 0.65040
vt 0.85081 0.65040
vt 0.85686 0.65040
vt 0.86290 0.65040
vt 0.86895 0.65040
vt 0.87500 0.65040
vt 0.87500 0.64193
vt 0.88105 0.64193
vt 0.88710 0.64193
vt 0.89314 0.64193
vt 0.89919 0.64193
vt 0.90524 0.64193
vt 0.91129 0.64193
vt 0.83267 0.64193
vt 0.83871 0.64193
vt 0.84476 0.64193
vt 0.85081 0.64193
vt 0.85686 0.64193
vt 0.86290 0.64193
vt 0.86895 0.64193
vt 0.87500 0.64193
vt 0.87500 0.63347
vt 0.88105 0.63347
vt 0.88710 0.63347
vt 0.89314 0.63347
vt 0.89919 0.63347
vt 0.90524 0.63347
vt 0.91129 0.63347
vt 0.83267 0.63347
vt 0.83871 0.63347
vt 0.84476 0.63347
vt 0.85081 0.63347
vt 0.85686 0.63347
vt 0.86290 0.63347
vt 0.86895 0.63347
vt 0.87500 0.63347
vt 0.87500 0.62500
vt 0.88105 0.62500
vt 0.88710 0.62500
vt 0.89314 0.62500
vt 0.89919 0.62500
vt 0.90524 0.62500
vt 0.91129 0.62500
vt 0.83267 0.62500
vt 0.83871 0.62500
vt 0.84476 0.62500
vt 0.85081 0.62500
vt 0.85686 0.62500
vt 0.86290 0.62500
vt 0.86895 0.62500
vt 0.87500 0.62500
vt 0.87500 0.61653
vt 0.88105 0.61653
vt 0.88710 0.61653
vt 0.89314 0.61653
vt 0.89919 0.61653
vt 0.90524 0.61653
vt 0.91129 0.61653
vt 0.83267 0.61653
vt 0.83871 0.61653
vt 0.84476 0.61653
vt 0.85081 0.61653
vt 0.85686 0.61653
vt 0.86290 0.61653
vt 0.86895 0.61653
vt 0.87500 0.61653
vt 0.87500 0.60807
vt 0.88105 0.60807
vt 0.88710 0.60807
vt 0.89314 0.60807
vt 0.89919 0.60807
vt 0.90524 0.60807
vt 0.91129 0.60807
vt 0.83267 0.60807
vt 0.83871 0.60807
vt 0.84476 0.60807
vt 0.85081 0.60807
vt 0.85686 0.60807
vt 0.86290 0.60807
vt 0.86895 0.60807
vt 0.87500 0.60807
vt 0.87500 0.59960
vt 0.88105 0.59960
vt 0.88710 0.59960
vt 0.89314 0.59960
vt 0.89919 0.59960
vt 0.90524 0.59960
vt 0.91129 0.59960
vt 0.83267 0.59960
vt 0.83871 0.59960
vt 0.84476 0.59960
vt 0.85081 0.59960
vt 0.85686 0.59960
vt 0.86290 0.59960
vt 0.86895 0.59960
vt 0.87500 0.59960
vt 0.87500 0.59113
vt 0.88105 0.59113
vt 0.88710 0.59113
vt 0.89314 0.59113
vt 0.89919 0.59113
vt 0.90524 0.59113
vt 0.91129 0.59113
vt 0.83267 0.59113
vt 0.83871 0.59113
vt 0.84476 0.59113
vt 0.85081 0.59113
vt 0.85686 0.59113
vt 0.86290 0.59113
vt 0.86895 0.59113
vt 0.87500 0.59113
vt 0.87500 0.58267
vt 0.88105 0.58267
vt 0.88710 0.58267
vt 0.89314 0.58267
vt 0.89919 0.58267
vt 0.90524 0.58267
vt 0.91129 0.58267
vt 0.83267 0.58267
vt 0.83871 0.58267
vt 0.84476 0.58267
vt 0.85081 0.58267
vt 0.85686 0.58267
vt 0.86290 0.58267
vt 0.86895 0.58267
vt 0.87500 0.58267
vt 0.75049 0.50049
vt 0.77124 0.50049
vt 0.79199 0.50049
vt 0.81274 0.50049
vt 0.83350 0.50049
vt 0.85425 0.50049
vt 0.87500 0.50049
vt 0.89575 0.50049
vt 0.91650 0.50049
vt 0.93726 0.50049
vt 0.95801 0.50049
vt 0.97876 0.50049
vt 0.99951 0.50049
vt 0.75049 0.74951
vt 0.77124 0.74951
vt 0.79199 0.74951
vt 0.81274 0.74951
vt 0.83350 0.74951
vt 0.85425 0.74951
vt 0.87500 0.74951
vt 0.89575 0.74951
vt 0.91650 0.74951
vt 0.93726 0.74951
vt 0.95801 0.74951
vt 0.97876 0.74951
vt 0.99951 0.74951
vt 0.87500 0.62500
vt 0.87500 0.62500
vt 0.87500 0.66733
vt 0.88105 0.66733
vt 0.88710 0.66733
vt 0.89314 0.66733
vt 0.89919 0.66733
vt 0.90524 0.66733
vt 0.91129 0.66733
vt 0.83267 0.66733
vt 0.83871 0.66733
vt 0.84476 0.66733
vt 0.85081 0.66733
vt 0.85686 0.66733
vt 0.86290 0.66733
vt 0.86895 0.66733
vt 0.87500 0.66733
vt 0.87500 0.65887
vt 0.88105 0.65887
vt 0.88710 0.65887
vt 0.89314 0.65887
vt 0.89919 0.65887
vt 0.90524 0.65887
vt 0.91129 0.65887
vt 0.83267 0.65887
vt 0.83871 0.65887
vt 0.84476 0.65887
vt 0.85081 0.65887
vt 0.85686 0.65887
vt 0.86290 0.65887
vt 0.86895 0.65887
vt 0.87500 0.65887
vt 0.87500 0.65040
vt 0.88105 0.65040
vt 0.88710 0.65040
vt 0.89314 0.65040
vt 0.89919 0.65040
vt 0.90524 0.65040
vt 0.91129 0.65040
vt 0.83267 0.65040
vt 0.83871 0.65040
vt 0.84476 0.65040
vt 0.85081 0.65040
vt 0.85686 0.65040
vt 0.86290 0.65040
vt 0.86895 0.65040
vt 0.87500 0.65040
vt 0.87500 0.64193
vt 0.88105 0.64193
vt 0.88710 0.64193
vt 0.89314 0.64193
vt 0.89919 0.64193
vt 0.90524 0.64193
vt 0.91129 0.64193
vt 0.83267 0.64193
vt 0.83871 0.64193
vt 0.84476 0.64193
vt 0.85081 0.64193
vt 0.85686 0.64193
vt 0.86290 0.64193
vt 0.86895 0.64193
vt 0.87500 0.64193
vt 0.87500 0.63347
vt 0.88105 0.63347
vt 0.88710 0.63347
vt 0.89314 0.63347
vt 0.89919 0.63347
vt 0.90524 0.63347
vt 0.91129 0.63347
vt 0.83267 0.63347
vt 0.83871 0.63347
vt 0.84476 0.63347
vt 0.85081 0.63347
vt 0.85686 0.63347
vt 0.86290 0.63347
vt 0.86895 0.63347
vt 0.87500 0.63347
vt 0.87500 0.62500
vt 0.88105 0.62500
vt 0.88710 0.62500
vt 0.89314 0.62500
vt 0.89919 0.62500
vt 0.90524 0.62500
vt 0.91129 0.62500
vt 0.83267 0.62500
vt 0.83871 0.62500
vt 0.84476 0.62500
vt 0.85081 0.62500
vt 0.85686 0.62500
vt 0.86290 0.62500
vt 0.86895 0.62500
vt 0.87500 0.62500
vt 0.87500 0.61653
vt 0.88105 0.61653
vt 0.88710 0.61653
vt 0.89314 0.61653
vt 0.89919 0.61653
vt 0.90524 0.61653
vt 0.91129 0.61653
vt 0.83267 0.61653
vt 0.83871 0.61653
vt 0.84476 0.61653
vt 0.85081 0.61653
vt 0.85686 0.61653
vt 0.86290 0.61653
vt 0.86895 0.61653
vt 0.87500 0.61653
vt 0.87500 0.60807
vt 0.88105 0.60807
vt 0.88710 0.60807
vt 0.89314 0.60807
vt 0.89919 0.60807
vt 0.90524 0.60807
vt 0.91129 0.60807
vt 0.83267 0.60807
vt 0.83871 0.60807
vt 0.84476 0.60807
vt 0.85081 0.60807
vt 0.85686 0.60807
vt 0.86290 0.60807
vt 0.86895 0.60807
vt 0.87500 0.60807
vt 0.87500 0.59960
vt 0.88105 0.59960
vt 0.88710 0.59960
vt 0.89314 0.59960
vt 0.89919 0.59960
vt 0.90524 0.59960
vt 0.91129 0.59960
vt 0.83267 0.59960
vt 0.83871 0.59960
vt 0.84476 0.59960
vt 0.85081 0.59960
vt 0.85686 0.59960
vt 0.86290 0.59960
vt 0.86895 0.59960
vt 0.87500 0.59960
vt 0.87500 0.59113
vt 0.88105 0.59113
vt 0.88710 0.59113
vt 0.89314 0.59113
vt 0.89919 0.59113
vt 0.90524 0.59113
vt 0.91129 0.59113
vt 0.83267 0.59113
vt 0.83871 0.59113
vt 0.84476 0.59113
vt 0.85081 0.59113
vt 0.85686 0.59113
vt 0.86290 0.59113
vt 0.86895 0.59113
vt 0.87500 0.59113
vt 0.87500 0.58267
vt 0.88105 0.58267
vt 0.88710 0.58267
vt 0.89314 0.58267
vt 0.89919 0.58267
vt 0.90524 0.58267
vt 0.91129 0.58267
vt 0.83267 0.58267
vt 0.83871 0.58267
vt 0.84476 0.58267
vt 0.85081 0.58267
vt 0.85686 0.58267
vt 0.86290 0.58267
vt 0.86895 0.58267
vt 0.87500 0.58267
vt 0.75049 0.50049
vt 0.77124 0.50049
vt 0.79199 0.50049
vt 0.81274 0.50049
vt 0.83350 0.50049
vt 0.85425 0.50049
vt 0.87500 0.50049
vt 0.89575 0.50049
vt 0.91650 0.50049
vt 0.93726 0.50049
vt 0.95801 0.50049
vt 0.97876 0.50049
vt 0.99951 0.50049
vt 0.75049 0.74951
vt 0.77124 0.74951
vt 0.79199 0.74951
vt 0.81274 0.74951
vt 0.83350 0.74951
vt 0.85425 0.74951
vt 0.87500 0.74951
vt 0.89575 0.74951
vt 0.91650 0.74951
vt 0.93726 0.74951
vt 0.95801 0.74951
vt 0.97876 0.74951
vt 0.99951 0.74951
vt 0.87500 0.62500
vt 0.87500 0.62500
vt 0.12500 0.91235
vt 0.13034 0.91235
vt 0.13567 0.91235
vt 0.14101 0.91235
vt 0.14634 0.91235
vt 0.15168 0.91235
vt 0.15702 0.91235
vt 0.08765 0.91235
vt 0.09298 0.91235
vt 0.09832 0.91235
vt 0.10366 0.91235
vt 0.10899 0.91235
vt 0.11433 0.91235
vt 0.11966 0.91235
vt 0.12500 0.91235
vt 0.12500 0.90488
vt 0.13034 0.90488
vt 0.13567 0.90488
vt 0.14101 0.90488
vt 0.14634 0.90488
vt 0.15168 0.90488
vt 0.15702 0.90488
vt 0.08765 0.90488
vt 0.09298 0.90488
vt 0.09832 0.90488
vt 0.10366 0.90488
vt 0.10899 0.90488
vt 0.11433 0.90488
vt 0.11966 0.90488
vt 0.12500 0.90488
vt 0.12500 0.89741
vt 0.13034 0.89741
vt 0.13567 0.89741
vt 0.14101 0.89741
vt 0.14634 0.89741
vt 0.15168 0.89741
vt 0.15702 0.89741
vt 0.08765 0.89741
vt 0.09298 0.89741
vt 0.09832 0.89741
vt 0.10366 0.89741
vt 0.10899 0.89741
vt 0.11433 0.89741
vt 0.11966 0.89741
vt 0.12500 0.89741
vt 0.12500 0.88994
vt 0.13034 0.88994
vt 0.13567 0.88994
vt 0.14101 0.88994
vt 0.14634 0.88994
vt 0.15168 0.88994
vt 0.15702 0.88994
vt 0.08765 0.88994
vt 0.09298 0.88994
vt 0.09832 0.88994
vt 0.10366 0.88994
vt 0.10899 0.88994
vt 0.11433 0.88994
vt 0.11966 0.88994
vt 0.12500 0.88994
vt 0.12500 0.88247
vt 0.13034 0.88247
vt 0.13567 0.88247
vt 0.14101 0.88247
vt 0.14634 0.88247
vt 0.15168 0.88247
vt 0.15702 0.88247
vt 0.08765 0.88247
vt 0.09298 0.88247
vt 0.09832 0.88247
vt 0.10366 0.88247
vt 0.10899 0.88247
vt 0.11433 0.88247
vt 0.11966 0.88247
vt 0.12500 0.88247
vt 0.12500 0.87500
vt 0.13034 0.87500
vt 0.13567 0.87500
vt 0.14101 0.87500
vt 0.14634 0.87500
vt 0.15168 0.87500
vt 0.15702 0.87500
vt 0.08765 0.87500
vt 0.09298 0.87500
vt 0.09832 0.87500
vt 0.10366 0.87500
vt 0.10899 0.87500
vt 0.11433 0.87500
vt 0.11966 0.87500
vt 0.12500 0.87500
vt 0.12500 0.86753
vt 0.13034 0.86753
vt 0.13567 0.86753
vt 0.14101 0.86753
vt 0.14634 0.86753
vt 0.15168 0.86753
vt 0.15702 0.86753
vt 0.08765 0.86753
vt 0.09298 0.86753
vt 0.09832 0.86753
vt 0.10366 0.86753
vt 0.10899 0.86753
vt 0.11433 0.86753
vt 0.11966 0.86753
vt 0.12500 0.86753
vt 0.12500 0.86006
vt 0.13034 0.86006
vt 0.13567 0.86006
vt 0.14101 0.86006
vt 0.14634 0.86006
vt 0.15168 0.86006
vt 0.15702 0.86006
vt 0.08765 0.86006
vt 0.09298 0.86006
vt 0.09832 0.86006
vt 0.10366 0.86006
vt 0.10899 0.86006
vt 0.11433 0.86006
vt 0.11966 0.86006
vt 0.12500 0.86006
vt 0.12500 0.85259
vt 0.13034 0.85259
vt 0.13567 0.85259
vt 0.14101 0.85259
vt 0.14634 0.85259
vt 0.15168 0.85259
vt 0.15702 0.85259
vt 0.08765 0.85259
vt 0.09298 0.85259
vt 0.09832 0.85259
vt 0.10366 0.85259
vt 0.10899 0.85259
vt 0.11433 0.85259
vt 0.11966 0.85259
vt 0.12500 0.85259
vt 0.12500 0.84512
vt 0.13034 0.84512
vt 0.13567 0.84512
vt 0.14101 0.84512
vt 0.14634 0.84512
vt 0.15168 0.84512
vt 0.15702 0.84512
vt 0.08765 0.84512
vt 0.09298 0.84512
vt 0.09832 0.84512
vt 0.10366 0.84512
vt 0.10899 0.84512
vt 0.11433 0.84512
vt 0.11966 0.84512
vt 0.12500 0.84512
vt 0.12500 0.83765
vt 0.13034 0.83765
vt 0.13567 0.83765
vt 0.14101 0.83765
vt 0.14634 0.83765
vt 0.15168 0.83765
vt 0.15702 0.83765
vt 0.08765 0.83765
vt 0.09298 0.83765
vt 0.09832 0.83765
vt 0.10366 0.83765
vt 0.10899 0.83765
vt 0.11433 0.83765
vt 0.11966 0.83765
vt 0.12500 0.83765
vt 0.00049 0.75049
vt 0.02124 0.75049
vt 0.04199 0.75049
vt 0.06274 0.75049
vt 0.08350 0.75049
vt 0.10425 0.75049
vt 0.12500 0.75049
vt 0.14575 0.75049
vt 0.16650 0.75049
vt 0.18726 0.75049
vt 0.20801 0.75049
vt 0.22876 0.75049
vt 0.24951 0.75049
vt 0.00049 0.99951
vt 0.02124 0.99951
vt 0.04199 0.99951
vt 0.06274 0.99951
vt 0.08350 0.99951
vt 0.10425 0.99951
vt 0.12500 0.99951
vt 0.14575 0.99951
vt 0.16650 0.99951
vt 0.18726 0.99951
vt 0.20801 0.99951
vt 0.22876 0.99951
vt 0.24951 0.99951
vt 0.12500 0.87500
vt 0.12500 0.87500
vt 0.54990 0.99951
vt 0.58555 0.99951
vt 0.62119 0.99951
vt 0.65684 0.99951
vt 0.69248 0.99951
vt 0.72813 0.99951
vt 0.26475 0.99951
vt 0.30039 0.99951
vt 0.33604 0.99951
vt 0.37168 0.99951
vt 0.40732 0.99951
vt 0.44297 0.99951
vt 0.47861 0.99951
vt 0.51426 0.99951
vt 0.54990 0.99951
vt 0.54990 0.97461
vt 0.58555 0.97461
vt 0.62119 0.97461
vt 0.65684 0.97461
vt 0.69248 0.97461
vt 0.72813 0.97461
vt 0.26475 0.97461
vt 0.30039 0.97461
vt 0.33604 0.97461
vt 0.37168 0.97461
vt 0.40732 0.97461
vt 0.44297 0.97461
vt 0.47861 0.97461
vt 0.51426 0.97461
vt 0.54990 0.97461
vt 0.54990 0.94971
vt 0.58555 0.94971
vt 0.62119 0.94971
vt 0.65684 0.94971
vt 0.69248 0.94971
vt 0.72813 0.94971
vt 0.26475 0.94971
vt 0.30039 0.94971
vt 0.33604 0.94971
vt 0.37168 0.94971
vt 0.40732 0.94971
vt 0.44297 0.94971
vt 0.47861 0.94971
vt 0.51426 0.94971
vt 0.54990 0.94971
vt 0.54990 0.92480
vt 0.58555 0.92480
vt 0.62119 0.92480
vt 0.65684 0.92480
vt 0.69248 0.92480
vt 0.72813 0.92480
vt 0.26475 0.92480
vt 0.30039 0.92480
vt 0.33604 0.92480
vt 0.37168 0.92480
vt 0.40732 0.92480
vt 0.44297 0.92480
vt 0.47861 0.92480
vt 0.51426 0.92480
vt 0.54990 0.92480
vt 0.54990 0.89990
vt 0.58555 0.89990
vt 0.62119 0.89990
vt 0.65684 0.89990
vt 0.69248 0.89990
vt 0.72813 0.89990
vt 0.26475 0.89990
vt 0.30039 0.89990
vt 0.33604 0.89990
vt 0.37168 0.89990
vt 0.40732 0.89990
vt 0.44297 0.89990
vt 0.47861 0.89990
vt 0.51426 0.89990
vt 0.54990 0.89990
vt 0.54990 0.87500
vt 0.58555 0.87500
vt 0.62119 0.87500
vt 0.65684 0.87500
vt 0.69248 0.87500
vt 0.72813 0.87500
vt 0.26475 0.87500
vt 0.30039 0.87500
vt 0.33604 0.87500
vt 0.37168 0.87500
vt 0.40732 0.87500
vt 0.44297 0.87500
vt 0.47861 0.87500
vt 0.51426 0.87500
vt 0.54990 0.87500
vt 0.54990 0.85010
vt 0.58555 0.85010
vt 0.62119 0.85010
vt 0.65684 0.85010
vt 0.69248 0.85010
vt 0.72813 0.85010
vt 0.26475 0.85010
vt 0.30039 0.85010
vt 0.33604 0.85010
vt 0.37168 0.85010
vt 0.40732 0.85010
vt 0.44297 0.85010
vt 0.47861 0.85010
vt 0.51426 0.85010
vt 0.54990 0.85010
vt 0.54990 0.82520
vt 0.58555 0.82520
vt 0.62119 0.82520
vt 0.65684 0.82520
vt 0.69248 0.82520
vt 0.72813 0.82520
vt 0.26475 0.82520
vt 0.30039 0.82520
vt 0.33604 0.82520
vt 0.37168 0.82520
vt 0.40732 0.82520
vt 0.44297 0.82520
vt 0.47861 0.82520
vt 0.51426 0.82520
vt 0.54990 0.82520
vt 0.54990 0.80029
vt 0.58555 0.80029
vt 0.62119 0.80029
vt 0.65684 0.80029
vt 0.69248 0.80029
vt 0.72813 0.80029
vt 0.26475 0.80029
vt 0.30039 0.80029
vt 0.33604 0.80029
vt 0.37168 0.80029
vt 0.40732 0.80029
vt 0.44297 0.80029
vt 0.47861 0.80029
vt 0.51426 0.80029
vt 0.54990 0.80029
vt 0.54990 0.77539
vt 0.58555 0.77539
vt 0.62119 0.77539
vt 0.65684 0.77539
vt 0.69248 0.77539
vt 0.72813 0.77539
vt 0.26475 0.77539
vt 0.30039 0.77539
vt 0.33604 0.77539
vt 0.37168 0.77539
vt 0.40732 0.77539
vt 0.44297 0.77539
vt 0.47861 0.77539
vt 0.51426 0.77539
vt 0.54990 0.77539
vt 0.54990 0.75049
vt 0.58555 0.75049
vt 0.62119 0.75049
vt 0.65684 0.75049
vt 0.69248 0.75049
vt 0.72813 0.75049
vt 0.26475 0.75049
vt 0.30039 0.75049
vt 0.33604 0.75049
vt 0.37168 0.75049
vt 0.40732 0.75049
vt 0.44297 0.75049
vt 0.47861 0.75049
vt 0.51426 0.75049
vt 0.54990 0.75049
vt 0.89990 0.99951
vt 0.91769 0.99951
vt 0.93548 0.99951
vt 0.95326 0.99951
vt 0.97105 0.99951
vt 0.98884 0.99951
vt 0.75760 0.99951
vt 0.77539 0.99951
vt 0.79318 0.99951
vt 0.81097 0.99951
vt 0.82875 0.99951
vt 0.84654 0.99951
vt 0.86433 0.99951
vt 0.88211 0.99951
vt 0.89990 0.99951
vt 0.89990 0.97461
vt 0.91769 0.97461
vt 0.93548 0.97461
vt 0.95326 0.97461
vt 0.97105 0.97461
vt 0.98884 0.97461
vt 0.75760 0.97461
vt 0.77539 0.97461
vt 0.79318 0.97461
vt 0.81097 0.97461
vt 0.82875 0.97461
vt 0.84654 0.97461
vt 0.86433 0.97461
vt 0.88211 0.97461
vt 0.89990 0.97461
vt 0.89990 0.94971
vt 0.91769 0.94971
vt 0.93548 0.94971
vt 0.95326 0.94971
vt 0.97105 0.94971
vt 0.98884 0.94971
vt 0.75760 0.94971
vt 0.77539 0.94971
vt 0.79318 0.94971
vt 0.81097 0.94971
vt 0.82875 0.94971
vt 0.84654 0.94971
vt 0.86433 0.94971
vt 0.88211 0.94971
vt 0.89990 0.94971
vt 0.89990 0.92480
vt 0.91769 0.92480
vt 0.93548 0.92480
vt 0.95326 0.92480
vt 0.97105 0.92480
vt 0.98884 0.92480
vt 0.75760 0.92480
vt 0.77539 0.92480
vt 0.79318 0.92480
vt 0.81097 0.92480
vt 0.82875 0.92480
vt 0.84654 0.92480
vt 0.86433 0.92480
vt 0.88211 0.92480
vt 0.89990 0.92480
vt 0.89990 0.89990
vt 0.91769 0.89990
vt 0.93548 0.89990
vt 0.95326 0.89990
vt 0.97105 0.89990
vt 0.98884 0.89990
vt 0.75760 0.89990
vt 0.77539 0.89990
vt 0.79318 0.89990
vt 0.81097 0.89990
vt 0.82875 0.89990
vt 0.84654 0.89990
vt 0.86433 0.89990
vt 0.88211 0.89990
vt 0.89990 0.89990
f 1/1 14/14 15/15
f 1/1 15/15 2/2
f 2/2 15/15 16/16
f 2/2 16/16 3/3
f 3/3 16/16 17/17
f 3/3 17/17 4/4
f 4/4 17/17 18/18
f 4/4 18/18 5/5
f 5/5 18/18 19/19
f 5/5 19/19 6/6
f 6/6 19/19 20/20
f 6/6 20/20 7/7
f 7/7 20/20 21/21
f 7/7 21/21 8/8
f 8/8 21/21 22/22
f 8/8 22/22 9/9
f 9/9 22/22 23/23
f 9/9 23/23 10/10
f 10/10 23/23 24/24
f 10/10 24/24 11/11
f 11/11 24/24 25/25
f 11/11 25/25 12/12
f 12/12 25/25 26/26
f 12/12 26/26 13/13
f 27/27 2/2 1/1
f 27/27 3/3 2/2
f 27/27 4/4 3/3
f 27/27 5/5 4/4
f 27/27 6/6 5/5
f 27/27 7/7 6/6
f 27/27 8/8 7/7
f 27/27 9/9 8/8
f 27/27 10/10 9/9
f 27/27 11/11 10/10
f 27/27 12/12 11/11
f 27/27 13/13 12/12
f 28/28 14/14 15/15
f 28/28 15/15 16/16
f 28/28 16/16 17/17
f 28/28 17/17 18/18
f 28/28 18/18 19/19
f 28/28 19/19 20/20
f 28/28 20/20 21/21
f 28/28 21/21 22/22
f 28/28 22/22 23/23
f 28/28 23/23 24/24
f 28/28 24/24 25/25
f 28/28 25/25 26/26
f 29/29 42/42 43/43
f 29/29 43/43 30/30
f 30/30 43/43 44/44
f 30/30 44/44 31/31
f 31/31 44/44 45/45
f 31/31 45/45 32/32
f 32/32 45/45 46/46
f 32/32 46/46 33/33
f 33/33 46/46 47/47
f 33/33 47/47 34/34
f 34/34 47/47 48/48
f 34/34 48/48 35/35
f 35/35 48/48 49/49
f 35/35 49/49 36/36
f 36/36 49/49 50/50
f 36/36 50/50 37/37
f 37/37 50/50 51/51
f 37/37 51/51 38/38
f 38/38 51/51 52/52
f 38/38 52/52 39/39
f 39/39 52/52 53/53
f 39/39 53/53 40/40
f 40/40 53/53 54/54
f 40/40 54/54 41/41
f 55/55 30/30 29/29
f 55/55 31/31 30/30
f 55/55 32/32 31/31
f 55/55 33/33 32/32
f 55/55 34/34 33/33
f 55/55 35/35 34/34
f 55/55 36/36 35/35
f 55/55 37/37 36/36
f 55/55 38/38 37/37
f 55/55 39/39 38/38
f 55/55 40/40 39/39
f 55/55 41/41 40/40
f 56/56 42/42 43/43
f 56/56 43/43 44/44
f 56/56 44/44 45/45
f 56/56 45/45 46/46
f 56/56 46/46 47/47
f 56/56 47/47 48/48
f 56/56 48/48 49/49
f 56/56 49/49 50/50
f 56/56 50/50 51/51
f 56/56 51/51 52/52
f 56/56 52/52 53/53
f 56/56 53/53 54/54
f 57/57 70/70 71/71
f 57/57 71/71 58/58
f 58/58 71/71 72/72
f 58/58 72/72 59/59
f 59/59 72/72 73/73
f 59/59 73/73 60/60
f 60/60 73/73 74/74
f 60/60 74/74 61/61
f 61/61 74/74 75/75
f 61/61 75/75 62/62
f 62/62 75/75 76/76
f 62/62 76/76 63/63
f 63/63 76/76 77/77
f 63/63 77/77 64/64
f 64/64 77/77 78/78
f 64/64 78/78 65/65
f 65/65 78/78 79/79
f 65/65 79/79 66/66
f 66/66 79/79 80/80
f 66/66 80/80 67/67
f 67/67 80/80 81/81
f 67/67 81/81 68/68
f 68/68 81/81 82/82
f 68/68 82/82 69/69
f 83/83 58/58 57/57
f 83/83 59/59 58/58
f 83/83 60/60 59/59
f 83/83 61/61 60/60
f 83/83 62/62 61/61
f 83/83 63/63 62/62
f 83/83 64/64 63/63
f 83/83 65/65 64/64
f 83/83 66/66 65/65
f 83/83 67/67 66/66
f 83/83 68/68 67/67
f 83/83 69/69 68/68
f 84/84 70/70 71/71
f 84/84 71/71 72/72
f 84/84 72/72 73/73
f 84/84 73/73 74/74
f 84/84 74/74 75/75
f 84/84 75/75 76/76
f 84/84 76/76 77/77
f 84/84 77/77 78/78
f 84/84 78/78 79/79
f 84/84 79/79 80/80
f 84/84 80/80 81/81
f 84/84 81/81 82/82
f 85/85 98/98 99/99
f 85/85 99/99 86/86
f 86/86 99/99 100/100
f 86/86 100/100 87/87
f 87/87 100/100 101/101
f 87/87 101/101 88/88
f 88/88 101/101 102/102
f 88/88 102/102 89/89
f 89/89 102/102 103/103
f 89/89 103/103 90/90
f 90/90 103/103 104/104
f 90/90 104/104 91/91
f 91/91 104/104 105/105
f 91/91 105/105 92/92
f 92/92 105/105 106/106
f 92/92 106/106 93/93
f 93/93 106/106 107/107
f 93/93 107/107 94/94
f 94/94 107/107 108/108
f 94/94 108/108 95/95
f 95/95 108/108 109/109
f 95/95 109/109 96/96
f 96/96 109/109 110/110
f 96/96 110/110 97/97
f 111/111 86/86 85/85
f 111/111 87/87 86/86
f 111/111 88/88 87/87
f 111/111 89/89 88/88
f 111/111 90/90 89/89
f 111/111 91/91 90/90
f 111/111 92/92 91/91
f 111/111 93/93 92/92
f 111/111 94/94 93/93
f 111/111 95/95 94/94
f 111/111 96/96 95/95
f 111/111 97/97 96/96
f 112/112 98/98 99/99
f 112/112 99/99 100/100
f 112/112 100/100 101/101
f 112/112 101/101 102/102
f 112/112 102/102 103/103
f 112/112 103/103 104/104
f 112/112 104/104 105/105
f 112/112 105/105 106/106
f 112/112 106/106 107/107
f 112/112 107/107 108/108
f 112/112 108/108 109/109
f 112/112 109/109 110/110
f 113/113 126/126 127/127
f 113/113 127/127 114/114
f 114/114 127/127 128/128
f 114/114 128/128 115/115
f 115/115 128/128 129/129
f 115/115 129/129 116/116
f 116/116 129/129 130/130
f 116/116 130/130 117/117
f 117/117 130/130 131/131
f 117/117 131/131 118/118
f 118/118 131/131 132/132
f 118/118 132/132 119/119
f 119/119 132/132 133/133
f 119/119 133/133 120/120
f 120/120 133/133 134/134
f 120/120 134/134 121/121
f 121/121 134/134 135/135
f 121/121 135/135 122/122
f 122/122 135/135 136/136
f 122/122 136/136 123/123
f 123/123 136/136 137/137
f 123/123 137/137 124/124
f 124/124 137/137 138/138
f 124/124 138/138 125/125
f 139/139 114/114 113/113
f 139/139 115/115 114/114
f 139/139 116/116 115/115
f 139/139 117/117 116/116
f 139/139 118/118 117/117
f 139/139 119/119 118/118
f 139/139 120/120 119/119
f 139/139 121/121 120/120
f 139/139 122/122 121/121
f 139/139 123/123 122/122
f 139/139 124/124 123/123
f 139/139 125/125 124/124
f 140/140 126/126 127/127
f 140/140 127/127 128/128
f 140/140 128/128 129/129
f 140/140 129/129 130/130
f 140/140 130/130 131/131
f 140/140 131/131 132/132
f 140/140 132/132 133/133
f 140/140 133/133 134/134
f 140/140 134/134 135/135
f 140/140 135/135 136/136
f 140/140 136/136 137/137
f 140/140 137/137 138/138
f 141/141 154/154 155/155
f 141/141 155/155 142/142
f 142/142 155/155 156/156
f 142/142 156/156 143/143
f 143/143 156/156 157/157
f 143/143 157/157 144/144
f 144/144 157/157 158/158
f 144/144 158/158 145/145
f 145/145 158/158 159/159
f 145/145 159/159 146/146
f 146/146 159/159 160/160
f 146/146 160/160 147/147
f 147/147 160/160 161/161
f 147/147 161/161 148/148
f 148/148 161/161 162/162
f 148/148 162/162 149/149
f 149/149 162/162 163/163
f 149/149 163/163 150/150
f 150/150 163/163 164/164
f 150/150 164/164 151/151
f 151/151 164/164 165/165
f 151/151 165/165 152/152
f 152/152 165/165 166/166
f 152/152 166/166 153/153
f 167/167 142/142 141/141
f 167/167 143/143 142/142
f 167/167 144/144 143/143
f 167/167 145/145 144/144
f 167/167 146/146 145/145
f 167/167 147/147 146/146
f 167/167 148/148 147/147
f 167/167 149/149 148/148
f 167/167 150/150 149/149
f 167/167 151/151 150/150
f 167/167 152/152 151/151
f 167/167 153/153 152/152
f 168/168 154/154 155/155
f 168/168 155/155 156/156
f 168/168 156/156 157/157
f 168/168 157/157 158/158
f 168/168 158/158 159/159
f 168/168 159/159 160/160
f 168/168 160/160 161/161
f 168/168 161/161 162/162
f 168/168 162/162 163/163
f 168/168 163/163 164/164
f 168/168 164/164 165/165
f 168/168 165/165 166/166
f 169/169 182/182 183/183
f 169/169 183/183 170/170
f 170/170 183/183 184/184
f 170/170 184/184 171/171
f 171/171 184/184 185/185
f 171/171 185/185 172/172
f 172/172 185/185 186/186
f 172/172 186/186 173/173
f 173/173 186/186 187/187
f 173/173 187/187 174/174
f 174/174 187/187 188/188
f 174/174 188/188 175/175
f 175/175 188/188 189/189
f 175/175 189/189 176/176
f 176/176 189/189 190/190
f 176/176 190/190 177/177
f 177/177 190/190 191/191
f 177/177 191/191 178/178
f 178/178 191/191 192/192
f 178/178 192/192 179/179
f 179/179 192/192 193/193
f 179/179 193/193 180/180
f 180/180 193/193 194/194
f 180/180 194/194 181/181
f 195/195 170/170 169/169
f 195/195 171/171 170/170
f 195/195 172/172 171/171
f 195/195 173/173 172/172
f 195/195 174/174 173/173
f 195/195 175/175 174/174
f 195/195 176/176 175/175
f 195/195 177/177 176/176
f 195/195 178/178 177/177
f 195/195 179/179 178/178
f 195/195 180/180 179/179
f 195/195 181/181 180/180
f 196/196 182/182 183/183
f 196/196 183/183 184/184
f 196/196 184/184 185/185
f 196/196 185/185 186/186
f 196/196 186/186 187/187
f 196/196 187/187 188/188
f 196/196 188/188 189/189
f 196/196 189/189 190/190
f 196/196 190/190 191/191
f 196/196 191/191 192/192
f 196/196 192/192 193/193
f 196/196 193/193 194/194
f 197/197 210/210 211/211
f 197/197 211/211 198/198
f 198/198 211/211 212/212
f 198/198 212/212 199/199
f 199/199 212/212 213/213
f 199/199 213/213 200/200
f 200/200 213/213 214/214
f 200/200 214/214 201/201
f 201/201 214/214 215/215
f 201/201 215/215 202/202
f 202/202 215/215 216/216
f 202/202 216/216 203/203
f 203/203 216/216 217/217
f 203/203 217/217 204/204
f 204/204 217/217 218/218
f 204/204 218/218 205/205
f 205/205 218/218 219/219
f 205/205 219/219 206/206
f 206/206 219/219 220/220
f 206/206 220/220 207/207
f 207/207 220/220 221/221
f 207/207 221/221 208/208
f 208/208 221/221 222/222
f 208/208 222/222 209/209
f 223/223 198/198 197/197
f 223/223 199/199 198/198
f 223/223 200/200 199/199
f 223/223 201/201 200/200
f 223/223 202/202 201/201
f 223/223 203/203 202/202
f 223/223 204/204 203/203
f 223/223 205/205 204/204
f 223/223 206/206 205/205
f 223/223 207/207 206/206
f 223/223 208/208 207/207
f 223/223 209/209 208/208
f 224/224 210/210 211/211
f 224/224 211/211 212/212
f 224/224 212/212 213/213
f 224/224 213/213 214/214
f 224/224 214/214 215/215
f 224/224 215/215 216/216
f 224/224 216/216 217/217
f 224/224 217/217 218/218
f 224/224 218/218 219/219
f 224/224 219/219 220/220
f 224/224 220/220 221/221
f 224/224 221/221 222/222
f 225/225 238/238 239/239
f 225/225 239/239 226/226
f 226/226 239/239 240/240
f 226/226 240/240 227/227
f 227/227 240/240 241/241
f 227/227 241/241 228/228
f 228/228 241/241 242/242
f 228/228 242/242 229/229
f 229/229 242/242 243/243
f 229/229 243/243 230/230
f 230/230 243/243 244/244
f 230/230 244/244 231/231
f 231/231 244/244 245/245
f 231/231 245/245 232/232
f 232/232 245/245 246/246
f 232/232 246/246 233/233
f 233/233 246/246 247/247
f 233/233 247/247 234/234
f 234/234 247/247 248/248
f 234/234 248/248 235/235
f 235/235 248/248 249/249
f 235/235 249/249 236/236
f 236/236 249/249 250/250
f 236/236 250/250 237/237
f 251/251 226/226 225/225
f 251/251 227/227 226/226
f 251/251 228/228 227/227
f 251/251 229/229 228/228
f 251/251 230/230 229/229
f 251/251 231/231 230/230
f 251/251 232/232 231/231
f 251/251 233/233 232/232
f 251/251 234/234 233/233
f 251/251 235/235 234/234
f 251/251 236/236 235/235
f 251/251 237/237 236/236
f 252/252 238/238 239/239
f 252/252 239/239 240/240
f 252/252 240/240 241/241
f 252/252 241/241 242/242
f 252/252 242/242 243/243
f 252/252 243/243 244/244
f 252/252 244/244 245/245
f 252/252 245/245 246/246
f 252/252 246/246 247/247
f 252/252 247/247 248/248
f 252/252 248/248 249/249
f 252/252 249/249 250/250
f 253/253 268/268 269/269
f 253/253 269/269 254/254
f 254/254 269/269 270/270
f 254/254 270/270 255/255
f 255/255 270/270 271/271
f 255/255 271/271 256/256
f 256/256 271/271 272/272
f 256/256 272/272 257/257
f 257/257 272/272 273/273
f 257/257 273/273 258/258
f 258/258 273/273 274/274
f 258/258 274/274 259/259
f 259/259 274/274 275/275
f 259/259 275/275 260/260
f 260/260 275/275 276/276
f 260/260 276/276 261/261
f 261/261 276/276 277/277
f 261/261 277/277 262/262
f 262/262 277/277 278/278
f 262/262 278/278 263/263
f 263/263 278/278 279/279
f 263/263 279/279 264/264
f 264/264 279/279 280/280
f 264/264 280/280 265/265
f 265/265 280/280 281/281
f 265/265 281/281 266/266
f 266/266 281/281 282/282
f 266/266 282/282 267/267
f 268/268 283/283 284/284
f 268/268 284/284 269/269
f 269/269 284/284 285/285
f 269/269 285/285 270/270
f 270/270 285/285 286/286
f 270/270 286/286 271/271
f 271/271 286/286 287/287
f 271/271 287/287 272/272
f 272/272 287/287 288/288
f 272/272 288/288 273/273
f 273/273 288/288 289/289
f 273/273 289/289 274/274
f 274/274 289/289 290/290
f 274/274 290/290 275/275
f 275/275 290/290 291/291
f 275/275 291/291 276/276
f 276/276 291/291 292/292
f 276/276 292/292 277/277
f 277/277 292/292 293/293
f 277/277 293/293 278/278
f 278/278 293/293 294/294
f 278/278 294/294 279/279
f 279/279 294/294 295/295
f 279/279 295/295 280/280
f 280/280 295/295 296/296
f 280/280 296/296 281/281
f 281/281 296/296 297/297
f 281/281 297/297 282/282
f 283/283 298/298 299/299
f 283/283 299/299 284/284
f 284/284 299/299 300/300
f 284/284 300/300 285/285
f 285/285 300/300 301/301
f 285/285 301/301 286/286
f 286/286 301/301 302/302
f 286/286 302/302 287/287
f 287/287 302/302 303/303
f 287/287 303/303 288/288
f 288/288 303/303 304/304
f 288/288 304/304 289/289
f 289/289 304/304 305/305
f 289/289 305/305 290/290
f 290/290 305/305 306/306
f 290/290 306/306 291/291
f 291/291 306/306 307/307
f 291/291 307/307 292/292
f 292/292 307/307 308/308
f 292/292 308/308 293/293
f 293/293 308/308 309/309
f 293/293 309/309 294/294
f 294/294 309/309 310/310
f 294/294 310/310 295/295
f 295/295 310/310 311/311
f 295/295 311/311 296/296
f 296/296 311/311 312/312
f 296/296 312/312 297/297
f 298/298 313/313 314/314
f 298/298 314/314 299/299
f 299/299 314/314 315/315
f 299/299 315/315 300/300
f 300/300 315/315 316/316
f 300/300 316/316 301/301
f 301/301 316/316 317/317
f 301/301 317/317 302/302
f 302/302 317/317 318/318
f 302/302 318/318 303/303
f 303/303 318/318 319/319
f 303/303 319/319 304/304
f 304/304 319/319 320/320
f 304/304 320/320 305/305
f 305/305 320/320 321/321
f 305/305 321/321 306/306
f 306/306 321/321 322/322
f 306/306 322/322 307/307
f 307/307 322/322 323/323
f 307/307 323/323 308/308
f 308/308 323/323 324/324
f 308/308 324/324 309/309
f 309/309 324/324 325/325
f 309/309 325/325 310/310
f 310/310 325/325 326/326
f 310/310 326/326 311/311
f 311/311 326/326 327/327
f 311/311 327/327 312/312
f 313/313 328/328 329/329
f 313/313 329/329 314/314
f 314/314 329/329 330/330
f 314/314 330/330 315/315
f 315/315 330/330 331/331
f 315/315 331/331 316/316
f 316/316 331/331 332/332
f 316/316 332/332 317/317
f 317/317 332/332 333/333
f 317/317 333/333 318/318
f 318/318 333/333 334/334
f 318/318 334/334 319/319
f 319/319 334/334 335/335
f 319/319 335/335 320/320
f 320/320 335/335 336/336
f 320/320 336/336 321/321
f 321/321 336/336 337/337
f 321/321 337/337 322/322
f 322/322 337/337 338/338
f 322/322 338/338 323/323
f 323/323 338/338 339/339
f 323/323 339/339 324/324
f 324/324 339/339 340/340
f 324/324 340/340 325/325
f 325/325 340/340 341/341
f 325/325 341/341 326/326
f 326/326 341/341 342/342
f 326/326 342/342 327/327
f 328/328 343/343 344/344
f 328/328 344/344 329/329
f 329/329 344/344 345/345
f 329/329 345/345 330/330
f 330/330 345/345 346/346
f 330/330 346/346 331/331
f 331/331 346/346 347/347
f 331/331 347/347 332/332
f 332/332 347/347 348/348
f 332/332 348/348 333/333
f 333/333 348/348 349/349
f 333/333 349/349 334/334
f 334/334 349/349 350/350
f 334/334 350/350 335/335
f 335/335 350/350 351/351
f 335/335 351/351 336/336
f 336/336 351/351 352/352
f 336/336 352/352 337/337
f 337/337 352/352 353/353
f 337/337 353/353 338/338
f 338/338 353/353 354/354
f 338/338 354/354 339/339
f 339/339 354/354 355/355
f 339/339 355/355 340/340
f 340/340 355/355 356/356
f 340/340 356/356 341/341
f 341/341 356/356 357/357
f 341/341 357/357 342/342
f 343/343 358/358 359/359
f 343/343 359/359 344/344
f 344/344 359/359 360/360
f 344/344 360/360 345/345
f 345/345 360/360 361/361
f 345/345 361/361 346/346
f 346/346 361/361 362/362
f 346/346 362/362 347/347
f 347/347 362/362 363/363
f 347/347 363/363 348/348
f 348/348 363/363 364/364
f 348/348 364/364 349/349
f 349/349 364/364 365/365
f 349/349 365/365 350/350
f 350/350 365/365 366/366
f 350/350 366/366 351/351
f 351/351 366/366 367/367
f 351/351 367/367 352/352
f 352/352 367/367 368/368
f 352/352 368/368 353/353
f 353/353 368/368 369/369
f 353/353 369/369 354/354
f 354/354 369/369 370/370
f 354/354 370/370 355/355
f 355/355 370/370 371/371
f 355/355 371/371 356/356
f 356/356 371/371 372/372
f 356/356 372/372 357/357
f 358/358 373/373 374/374
f 358/358 374/374 359/359
f 359/359 374/374 375/375
f 359/359 375/375 360/360
f 360/360 375/375 376/376
f 360/360 376/376 361/361
f 361/361 376/376 377/377
f 361/361 377/377 362/362
f 362/362 377/377 378/378
f 362/362 378/378 363/363
f 363/363 378/378 379/379
f 363/363 379/379 364/364
f 364/364 379/379 380/380
f 364/364 380/380 365/365
f 365/365 380/380 381/381
f 365/365 381/381 366/366
f 366/366 381/381 382/382
f 366/366 382/382 367/367
f 367/367 382/382 383/383
f 367/367 383/383 368/368
f 368/368 383/383 384/384
f 368/368 384/384 369/369
f 369/369 384/384 385/385
f 369/369 385/385 370/370
f 370/370 385/385 386/386
f 370/370 386/386 371/371
f 371/371 386/386 387/387
f 371/371 387/387 372/372
f 373/373 388/388 389/389
f 373/373 389/389 374/374
f 374/374 389/389 390/390
f 374/374 390/390 375/375
f 375/375 390/390 391/391
f 375/375 391/391 376/376
f 376/376 391/391 392/392
f 376/376 392/392 377/377
f 377/377 392/392 393/393
f 377/377 393/393 378/378
f 378/378 393/393 394/394
f 378/378 394/394 379/379
f 379/379 394/394 395/395
f 379/379 395/395 380/380
f 380/380 395/395 396/396
f 380/380 396/396 381/381
f 381/381 396/396 397/397
f 381/381 397/397 382/382
f 382/382 397/397 398/398
f 382/382 398/398 383/383
f 383/383 398/398 399/399
f 383/383 399/399 384/384
f 384/384 399/399 400/400
f 384/384 400/400 385/385
f 385/385 400/400 401/401
f 385/385 401/401 386/386
f 386/386 401/401 402/402
f 386/386 402/402 387/387
f 388/388 403/403 404/404
f 388/388 404/404 389/389
f 389/389 404/404 405/405
f 389/389 405/405 390/390
f 390/390 405/405 406/406
f 390/390 406/406 391/391
f 391/391 406/406 407/407
f 391/391 407/407 392/392
f 392/392 407/407 408/408
f 392/392 408/408 393/393
f 393/393 408/408 409/409
f 393/393 409/409 394/394
f 394/394 409/409 410/410
f 394/394 410/410 395/395
f 395/395 410/410 411/411
f 395/395 411/411 396/396
f 396/396 411/411 412/412
f 396/396 412/412 397/397
f 397/397 412/412 413/413
f 397/397 413/413 398/398
f 398/398 413/413 414/414
f 398/398 414/414 399/399
f 399/399 414/414 415/415
f 399/399 415/415 400/400
f 400/400 415/415 416/416
f 400/400 416/416 401/401
f 401/401 416/416 417/417
f 401/401 417/417 402/402
f 418/418 431/431 432/432
f 418/418 432/432 419/419
f 419/419 432/432 433/433
f 419/419 433/433 420/420
f 420/420 433/433 434/434
f 420/420 434/434 421/421
f 421/421 434/434 435/435
f 421/421 435/435 422/422
f 422/422 435/435 436/436
f 422/422 436/436 423/423
f 423/423 436/436 437/437
f 423/423 437/437 424/424
f 424/424 437/437 438/438
f 424/424 438/438 425/425
f 425/425 438/438 439/439
f 425/425 439/439 426/426
f 426/426 439/439 440/440
f 426/426 440/440 427/427
f 427/427 440/440 441/441
f 427/427 441/441 428/428
f 428/428 441/441 442/442
f 428/428 442/442 429/429
f 429/429 442/442 443/443
f 429/429 443/443 430/430
f 444/444 419/419 418/418
f 444/444 420/420 419/419
f 444/444 421/421 420/420
f 444/444 422/422 421/421
f 444/444 423/423 422/422
f 444/444 424/424 423/423
f 444/444 425/425 424/424
f 444/444 426/426 425/425
f 444/444 427/427 426/426
f 444/444 428/428 427/427
f 444/444 429/429 428/428
f 444/444 430/430 429/429
f 445/445 431/431 432/432
f 445/445 432/432 433/433
f 445/445 433/433 434/434
f 445/445 434/434 435/435
f 445/445 435/435 436/436
f 445/445 436/436 437/437
f 445/445 437/437 438/438
f 445/445 438/438 439/439
f 445/445 439/439 440/440
f 445/445 440/440 441/441
f 445/445 441/441 442/442
f 445/445 442/442 443/443
f 446/446 461/461 462/462
f 446/446 462/462 447/447
f 447/447 462/462 463/463
f 447/447 463/463 448/448
f 448/448 463/463 464/464
f 448/448 464/464 449/449
f 449/449 464/464 465/465
f 449/449 465/465 450/450
f 450/450 465/465 466/466
f 450/450 466/466 451/451
f 451/451 466/466 467/467
f 451/451 467/467 452/452
f 452/452 467/467 468/468
f 452/452 468/468 453/453
f 453/453 468/468 469/469
f 453/453 469/469 454/454
f 454/454 469/469 470/470
f 454/454 470/470 455/455
f 455/455 470/470 471/471
f 455/455 471/471 456/456
f 456/456 471/471 472/472
f 456/456 472/472 457/457
f 457/457 472/472 473/473
f 457/457 473/473 458/458
f 458/458 473/473 474/474
f 458/458 474/474 459/459
f 459/459 474/474 475/475
f 459/459 475/475 460/460
f 461/461 476/476 477/477
f 461/461 477/477 462/462
f 462/462 477/477 478/478
f 462/462 478/478 463/463
f 463/463 478/478 479/479
f 463/463 479/479 464/464
f 464/464 479/479 480/480
f 464/464 480/480 465/465
f 465/465 480/480 481/481
f 465/465 481/481 466/466
f 466/466 481/481 482/482
f 466/466 482/482 467/467
f 467/467 482/482 483/483
f 467/467 483/483 468/468
f 468/468 483/483 484/484
f 468/468 484/484 469/469
f 469/469 484/484 485/485
f 469/469 485/485 470/470
f 470/470 485/485 486/486
f 470/470 486/486 471/471
f 471/471 486/486 487/487
f 471/471 487/487 472/472
f 472/472 487/487 488/488
f 472/472 488/488 473/473
f 473/473 488/488 489/489
f 473/473 489/489 474/474
f 474/474 489/489 490/490
f 474/474 490/490 475/475
f 476/476 491/491 492/492
f 476/476 492/492 477/477
f 477/477 492/492 493/493
f 477/477 493/493 478/478
f 478/478 493/493 494/494
f 478/478 494/494 479/479
f 479/479 494/494 495/495
f 479/479 495/495 480/480
f 480/480 495/495 496/496
f 480/480 496/496 481/481
f 481/481 496/496 497/497
f 481/481 497/497 482/482
f 482/482 497/497 498/498
f 482/482 498/498 483/483
f 483/483 498/498 499/499
f 483/483 499/499 484/484
f 484/484 499/499 500/500
f 484/484 500/500 485/485
f 485/485 500/500 501/501
f 485/485 501/501 486/486
f 486/486 501/501 502/502
f 486/486 502/502 487/487
f 487/487 502/502 503/503
f 487/487 503/503 488/488
f 488/488 503/503 504/504
f 488/488 504/504 489/489
f 489/489 504/504 505/505
f 489/489 505/505 490/490
f 491/491 506/506 507/507
f 491/491 507/507 492/492
f 492/492 507/507 508/508
f 492/492 508/508 493/493
f 493/493 508/508 509/509
f 493/493 509/509 494/494
f 494/494 509/509 510/510
f 494/494 510/510 495/495
f 495/495 510/510 511/511
f 495/495 511/511 496/496
f 496/496 511/511 512/512
f 496/496 512/512 497/497
f 497/497 512/512 513/513
f 497/497 513/513 498/498
f 498/498 513/513 514/514
f 498/498 514/514 499/499
f 499/499 514/514 515/515
f 499/499 515/515 500/500
f 500/500 515/515 516/516
f 500/500 516/516 501/501
f 501/501 516/516 517/517
f 501/501 517/517 502/502
f 502/502 517/517 518/518
f 502/502 518/518 503/503
f 503/503 518/518 519/519
f 503/503 519/519 504/504
f 504/504 519/519 520/520
f 504/504 520/520 505/505
f 506/506 521/521 522/522
f 506/506 522/522 507/507
f 507/507 522/522 523/523
f 507/507 523/523 508/508
f 508/508 523/523 524/524
f 508/508 524/524 509/509
f 509/509 524/524 525/525
f 509/509 525/525 510/510
f 510/510 525/525 526/526
f 510/510 526/526 511/511
f 511/511 526/526 527/527
f 511/511 527/527 512/512
f 512/512 527/527 528/528
f 512/512 528/528 513/513
f 513/513 528/528 529/529
f 513/513 529/529 514/514
f 514/514 529/529 530/530
f 514/514 530/530 515/515
f 515/515 530/530 531/531
f 515/515 531/531 516/516
f 516/516 531/531 532/532
f 516/516 532/532 517/517
f 517/517 532/532 533/533
f 517/517 533/533 518/518
f 518/518 533/533 534/534
f 518/518 534/534 519/519
f 519/519 534/534 535/535
f 519/519 535/535 520/520
f 521/521 536/536 537/537
f 521/521 537/537 522/522
f 522/522 537/537 538/538
f 522/522 538/538 523/523
f 523/523 538/538 539/539
f 523/523 539/539 524/524
f 524/524 539/539 540/540
f 524/524 540/540 525/525
f 525/525 540/540 541/541
f 525/525 541/541 526/526
f 526/526 541/541 542/542
f 526/526 542/542 527/527
f 527/527 542/542 543/543
f 527/527 543/543 528/528
f 528/528 543/543 544/544
f 528/528 544/544 529/529
f 529/529 544/544 545/545
f 529/529 545/545 530/530
f 530/530 545/545 546/546
f 530/530 546/546 531/531
f 531/531 546/546 547/547
f 531/531 547/547 532/532
f 532/532 547/547 548/548
f 532/532 548/548 533/533
f 533/533 548/548 549/549
f 533/533 549/549 534/534
f 534/534 549/549 550/550
f 534/534 550/550 535/535
f 536/536 551/551 552/552
f 536/536 552/552 537/537
f 537/537 552/552 553/553
f 537/537 553/553 538/538
f 538/538 553/553 554/554
f 538/538 554/554 539/539
f 539/539 554/554 555/555
f 539/539 555/555 540/540
f 540/540 555/555 556/556
f 540/540 556/556 541/541
f 541/541 556/556 557/557
f 541/541 557/557 542/542
f 542/542 557/557 558/558
f 542/542 558/558 543/543
f 543/543 558/558 559/559
f 543/543 559/559 544/544
f 544/544 559/559 560/560
f 544/544 560/560 545/545
f 545/545 560/560 561/561
f 545/545 561/561 546/546
f 546/546 561/561 562/562
f 546/546 562/562 547/547
f 547/547 562/562 563/563
f 547/547 563/563 548/548
f 548/548 563/563 564/564
f 548/548 564/564 549/549
f 549/549 564/564 565/565
f 549/549 565/565 550/550
f 551/551 566/566 567/567
f 551/551 567/567 552/552
f 552/552 567/567 568/568
f 552/552 568/568 553/553
f 553/553 568/568 569/569
f 553/553 569/569 554/554
f 554/554 569/569 570/570
f 554/554 570/570 555/555
f 555/555 570/570 571/571
f 555/555 571/571 556/556
f 556/556 571/571 572/572
f 556/556 572/572 557/557
f 557/557 572/572 573/573
f 557/557 573/573 558/558
f 558/558 573/573 574/574
f 558/558 574/574 559/559
f 559/559 574/574 575/575
f 559/559 575/575 560/560
f 560/560 575/575 576/576
f 560/560 576/576 561/561
f 561/561 576/576 577/577
f 561/561 577/577 562/562
f 562/562 577/577 578/578
f 562/562 578/578 563/563
f 563/563 578/578 579/579
f 563/563 579/579 564/564
f 564/564 579/579 580/580
f 564/564 580/580 565/565
f 566/566 581/581 582/582
f 566/566 582/582 567/567
f 567/567 582/582 583/583
f 567/567 583/583 568/568
f 568/568 583/583 584/584
f 568/568 584/584 569/569
f 569/569 584/584 585/585
f 569/569 585/585 570/570
f 570/570 585/585 586/586
f 570/570 586/586 571/571
f 571/571 586/586 587/587
f 571/571 587/587 572/572
f 572/572 587/587 588/588
f 572/572 588/588 573/573
f 573/573 588/588 589/589
f 573/573 589/589 574/574
f 574/574 589/589 590/590
f 574/574 590/590 575/575
f 575/575 590/590 591/591
f 575/575 591/591 576/576
f 576/576 591/591 592/592
f 576/576 592/592 577/577
f 577/577 592/592 593/593
f 577/577 593/593 578/578
f 578/578 593/593 594/594
f 578/578 594/594 579/579
f 579/579 594/594 595/595
f 579/579 595/595 580/580
f 581/581 596/596 597/597
f 581/581 597/597 582/582
f 582/582 597/597 598/598
f 582/582 598/598 583/583
f 583/583 598/598 599/599
f 583/583 599/599 584/584
f 584/584 599/599 600/600
f 584/584 600/600 585/585
f 585/585 600/600 601/601
f 585/585 601/601 586/586
f 586/586 601/601 602/602
f 586/586 602/602 587/587
f 587/587 602/602 603/603
f 587/587 603/603 588/588
f 588/588 603/603 604/604
f 588/588 604/604 589/589
f 589/589 604/604 605/605
f 589/589 605/605 590/590
f 590/590 605/605 606/606
f 590/590 606/606 591/591
f 591/591 606/606 607/607
f 591/591 607/607 592/592
f 592/592 607/607 608/608
f 592/592 608/608 593/593
f 593/593 608/608 609/609
f 593/593 609/609 594/594
f 594/594 609/609 610/610
f 594/594 610/610 595/595
f 611/611 624/624 625/625
f 611/611 625/625 612/612
f 612/612 625/625 626/626
f 612/612 626/626 613/613
f 613/613 626/626 627/627
f 613/613 627/627 614/614
f 614/614 627/627 628/628
f 614/614 628/628 615/615
f 615/615 628/628 629/629
f 615/615 629/629 616/616
f 616/616 629/629 630/630
f 616/616 630/630 617/617
f 617/617 630/630 631/631
f 617/617 631/631 618/618
f 618/618 631/631 632/632
f 618/618 632/632 619/619
f 619/619 632/632 633/633
f 619/619 633/633 620/620
f 620/620 633/633 634/634
f 620/620 634/634 621/621
f 621/621 634/634 635/635
f 621/621 635/635 622/622
f 622/622 635/635 636/636
f 622/622 636/636 623/623
f 637/637 612/612 611/611
f 637/637 613/613 612/612
f 637/637 614/614 613/613
f 637/637 615/615 614/614
f 637/637 616/616 615/615
f 637/637 617/617 616/616
f 637/637 618/618 617/617
f 637/637 619/619 618/618
f 637/637 620/620 619/619
f 637/637 621/621 620/620
f 637/637 622/622 621/621
f 637/637 623/623 622/622
f 638/638 624/624 625/625
f 638/638 625/625 626/626
f 638/638 626/626 627/627
f 638/638 627/627 628/628
f 638/638 628/628 629/629
f 638/638 629/629 630/630
f 638/638 630/630 631/631
f 638/638 631/631 632/632
f 638/638 632/632 633/633
f 638/638 633/633 634/634
f 638/638 634/634 635/635
f 638/638 635/635 636/636
f 639/639 654/654 655/655
f 639/639 655/655 640/640
f 640/640 655/655 656/656
f 640/640 656/656 641/641
f 641/641 656/656 657/657
f 641/641 657/657 642/642
f 642/642 657/657 658/658
f 642/642 658/658 643/643
f 643/643 658/658 659/659
f 643/643 659/659 644/644
f 644/644 659/659 660/660
f 644/644 660/660 645/645
f 645/645 660/660 661/661
f 645/645 661/661 646/646
f 646/646 661/661 662/662
f 646/646 662/662 647/647
f 647/647 662/662 663/663
f 647/647 663/663 648/648
f 648/648 663/663 664/664
f 648/648 664/664 649/649
f 649/649 664/664 665/665
f 649/649 665/665 650/650
f 650/650 665/665 666/666
f 650/650 666/666 651/651
f 651/651 666/666 667/667
f 651/651 667/667 652/652
f 652/652 667/667 668/668
f 652/652 668/668 653/653
f 654/654 669/669 670/670
f 654/654 670/670 655/655
f 655/655 670/670 671/671
f 655/655 671/671 656/656
f 656/656 671/671 672/672
f 656/656 672/672 657/657
f 657/657 672/672 673/673
f 657/657 673/673 658/658
f 658/658 673/673 674/674
f 658/658 674/674 659/659
f 659/659 674/674 675/675
f 659/659 675/675 660/660
f 660/660 675/675 676/676
f 660/660 676/676 661/661
f 661/661 676/676 677/677
f 661/661 677/677 662/662
f 662/662 677/677 678/678
f 662/662 678/678 663/663
f 663/663 678/678 679/679
f 663/663 679/679 664/664
f 664/664 679/679 680/680
f 664/664 680/680 665/665
f 665/665 680/680 681/681
f 665/665 681/681 666/666
f 666/666 681/681 682/682
f 666/666 682/682 667/667
f 667/667 682/682 683/683
f 667/667 683/683 668/668
f 669/669 684/684 685/685
f 669/669 685/685 670/670
f 670/670 685/685 686/686
f 670/670 686/686 671/671
f 671/671 686/686 687/687
f 671/671 687/687 672/672
f 672/672 687/687 688/688
f 672/672 688/688 673/673
f 673/673 688/688 689/689
f 673/673 689/689 674/674
f 674/674 689/689 690/690
f 674/674 690/690 675/675
f 675/675 690/690 691/691
f 675/675 691/691 676/676
f 676/676 691/691 692/692
f 676/676 692/692 677/677
f 677/677 692/692 693/693
f 677/677 693/693 678/678
f 678/678 693/693 694/694
f 678/678 694/694 679/679
f 679/679 694/694 695/695
f 679/679 695/695 680/680
f 680/680 695/695 696/696
f 680/680 696/696 681/681
f 681/681 696/696 697/697
f 681/681 697/697 682/682
f 682/682 697/697 698/698
f 682/682 698/698 683/683
f 684/684 699/699 700/700
f 684/684 700/700 685/685
f 685/685 700/700 701/701
f 685/685 701/701 686/686
f 686/686 701/701 702/702
f 686/686 702/702 687/687
f 687/687 702/702 703/703
f 687/687 703/703 688/688
f 688/688 703/703 704/704
f 688/688 704/704 689/689
f 689/689 704/704 705/705
f 689/689 705/705 690/690
f 690/690 705/705 706/706
f 690/690 706/706 691/691
f 691/691 706/706 707/707
f 691/691 707/707 692/692
f 692/692 707/707 708/708
f 692/692 708/708 693/693
f 693/693 708/708 709/709
f 693/693 709/709 694/694
f 694/694 709/709 710/710
f 694/694 710/710 695/695
f 695/695 710/710 711/711
f 695/695 711/711 696/696
f 696/696 711/711 712/712
f 696/696 712/712 697/697
f 697/697 712/712 713/713
f 697/697 713/713 698/698
f 699/699 714/714 715/715
f 699/699 715/715 700/700
f 700/700 715/715 716/716
f 700/700 716/716 701/701
f 701/701 716/716 717/717
f 701/701 717/717 702/702
f 702/702 717/717 718/718
f 702/702 718/718 703/703
f 703/703 718/718 719/719
f 703/703 719/719 704/704
f 704/704 719/719 720/720
f 704/704 720/720 705/705
f 705/705 720/720 721/721
f 705/705 721/721 706/706
f 706/706 721/721 722/722
f 706/706 722/722 707/707
f 707/707 722/722 723/723
f 707/707 723/723 708/708
f 708/708 723/723 724/724
f 708/708 724/724 709/709
f 709/709 724/724 725/725
f 709/709 725/725 710/710
f 710/710 725/725 726/726
f 710/710 726/726 711/711
f 711/711 726/726 727/727
f 711/711 727/727 712/712
f 712/712 727/727 728/728
f 712/712 728/728 713/713
f 714/714 729/729 730/730
f 714/714 730/730 715/715
f 715/715 730/730 731/731
f 715/715 731/731 716/716
f 716/716 731/731 732/732
f 716/716 732/732 717/717
f 717/717 732/732 733/733
f 717/717 733/733 718/718
f 718/718 733/733 734/734
f 718/718 734/734 719/719
f 719/719 734/734 735/735
f 719/719 735/735 720/720
f 720/720 735/735 736/736
f 720/720 736/736 721/721
f 721/721 736/736 737/737
f 721/721 737/737 722/722
f 722/722 737/737 738/738
f 722/722 738/738 723/723
f 723/723 738/738 739/739
f 723/723 739/739 724/724
f 724/724 739/739 740/740
f 724/724 740/740 725/725
f 725/725 740/740 741/741
f 725/725 741/741 726/726
f 726/726 741/741 742/742
f 726/726 742/742 727/727
f 727/727 742/742 743/743
f 727/727 743/743 728/728
f 729/729 744/744 745/745
f 729/729 745/745 730/730
f 730/730 745/745 746/746
f 730/730 746/746 731/731
f 731/731 746/746 747/747
f 731/731 747/747 732/732
f 732/732 747/747 748/748
f 732/732 748/748 733/733
f 733/733 748/748 749/749
f 733/733 749/749 734/734
f 734/734 749/749 750/750
f 734/734 750/750 735/735
f 735/735 750/750 751/751
f 735/735 751/751 736/736
f 736/736 751/751 752/752
f 736/736 752/752 737/737
f 737/737 752/752 753/753
f 737/737 753/753 738/738
f 738/738 753/753 754/754
f 738/738 754/754 739/739
f 739/739 754/754 755/755
f 739/739 755/755 740/740
f 740/740 755/755 756/756
f 740/740 756/756 741/741
f 741/741 756/756 757/757
f 741/741 757/757 742/742
f 742/742 757/757 758/758
f 742/742 758/758 743/743
f 744/744 759/759 760/760
f 744/744 760/760 745/745
f 745/745 760/760 761/761
f 745/745 761/761 746/746
f 746/746 761/761 762/762
f 746/746 762/762 747/747
f 747/747 762/762 763/763
f 747/747 763/763 748/748
f 748/748 763/763 764/764
f 748/748 764/764 749/749
f 749/749 764/764 765/765
f 749/749 765/765 750/750
f 750/750 765/765 766/766
f 750/750 766/766 751/751
f 751/751 766/766 767/767
f 751/751 767/767 752/752
f 752/752 767/767 768/768
f 752/752 768/768 753/753
f 753/753 768/768 769/769
f 753/753 769/769 754/754
f 754/754 769/769 770/770
f 754/754 770/770 755/755
f 755/755 770/770 771/771
f 755/755 771/771 756/756
f 756/756 771/771 772/772
f 756/756 772/772 757/757
f 757/757 772/772 773/773
f 757/757 773/773 758/758
f 759/759 774/774 775/775
f 759/759 775/775 760/760
f 760/760 775/775 776/776
f 760/760 776/776 761/761
f 761/761 776/776 777/777
f 761/761 777/777 762/762
f 762/762 777/777 778/778
f 762/762 778/778 763/763
f 763/763 778/778 779/779
f 763/763 779/779 764/764
f 764/764 779/779 780/780
f 764/764 780/780 765/765
f 765/765 780/780 781/781
f 765/765 781/781 766/766
f 766/766 781/781 782/782
f 766/766 782/782 767/767
f 767/767 782/782 783/783
f 767/767 783/783 768/768
f 768/768 783/783 784/784
f 768/768 784/784 769/769
f 769/769 784/784 785/785
f 769/769 785/785 770/770
f 770/770 785/785 786/786
f 770/770 786/786 771/771
f 771/771 786/786 787/787
f 771/771 787/787 772/772
f 772/772 787/787 788/788
f 772/772 788/788 773/773
f 774/774 789/789 790/790
f 774/774 790/790 775/775
f 775/775 790/790 791/791
f 775/775 791/791 776/776
f 776/776 791/791 792/792
f 776/776 792/792 777/777
f 777/777 792/792 793/793
f 777/777 793/793 778/778
f 778/778 793/793 794/794
f 778/778 794/794 779/779
f 779/779 794/794 795/795
f 779/779 795/795 780/780
f 780/780 795/795 796/796
f 780/780 796/796 781/781
f 781/781 796/796 797/797
f 781/781 797/797 782/782
f 782/782 797/797 798/798
f 782/782 798/798 783/783
f 783/783 798/798 799/799
f 783/783 799/799 784/784
f 784/784 799/799 800/800
f 784/784 800/800 785/785
f 785/785 800/800 801/801
f 785/785 801/801 786/786
f 786/786 801/801 802/802
f 786/786 802/802 787/787
f 787/787 802/802 803/803
f 787/787 803/803 788/788
f 804/804 819/819 820/820
f 804/804 820/820 805/805
f 805/805 820/820 821/821
f 805/805 821/821 806/806
f 806/806 821/821 822/822
f 806/806 822/822 807/807
f 807/807 822/822 823/823
f 807/807 823/823 808/808
f 808/808 823/823 824/824
f 808/808 824/824 809/809
f 809/809 824/824 825/825
f 809/809 825/825 810/810
f 810/810 825/825 826/826
f 810/810 826/826 811/811
f 811/811 826/826 827/827
f 811/811 827/827 812/812
f 812/812 827/827 828/828
f 812/812 828/828 813/813
f 813/813 828/828 829/829
f 813/813 829/829 814/814
f 814/814 829/829 830/830
f 814/814 830/830 815/815
f 815/815 830/830 831/831
f 815/815 831/831 816/816
f 816/816 831/831 832/832
f 816/816 832/832 817/817
f 817/817 832/832 833/833
f 817/817 833/833 818/818
f 819/819 834/834 835/835
f 819/819 835/835 820/820
f 820/820 835/835 836/836
f 820/820 836/836 821/821
f 821/821 836/836 837/837
f 821/821 837/837 822/822
f 822/822 837/837 838/838
f 822/822 838/838 823/823
f 823/823 838/838 839/839
f 823/823 839/839 824/824
f 824/824 839/839 840/840
f 824/824 840/840 825/825
f 825/825 840/840 841/841
f 825/825 841/841 826/826
f 826/826 841/841 842/842
f 826/826 842/842 827/827
f 827/827 842/842 843/843
f 827/827 843/843 828/828
f 828/828 843/843 844/844
f 828/828 844/844 829/829
f 829/829 844/844 845/845
f 829/829 845/845 830/830
f 830/830 845/845 846/846
f 830/830 846/846 831/831
f 831/831 846/846 847/847
f 831/831 847/847 832/832
f 832/832 847/847 848/848
f 832/832 848/848 833/833
f 834/834 849/849 850/850
f 834/834 850/850 835/835
f 835/835 850/850 851/851
f 835/835 851/851 836/836
f 836/836 851/851 852/852
f 836/836 852/852 837/837
f 837/837 852/852 853/853
f 837/837 853/853 838/838
f 838/838 853/853 854/854
f 838/838 854/854 839/839
f 839/839 854/854 855/855
f 839/839 855/855 840/840
f 840/840 855/855 856/856
f 840/840 856/856 841/841
f 841/841 856/856 857/857
f 841/841 857/857 842/842
f 842/842 857/857 858/858
f 842/842 858/858 843/843
f 843/843 858/858 859/859
f 843/843 859/859 844/844
f 844/844 859/859 860/860
f 844/844 860/860 845/845
f 845/845 860/860 861/861
f 845/845 861/861 846/846
f 846/846 861/861 862/862
f 846/846 862/862 847/847
f 847/847 862/862 863/863
f 847/847 863/863 848/848
f 849/849 864/864 865/865
f 849/849 865/865 850/850
f 850/850 865/865 866/866
f 850/850 866/866 851/851
f 851/851 866/866 867/867
f 851/851 867/867 852/852
f 852/852 867/867 868/868
f 852/852 868/868 853/853
f 853/853 868/868 869/869
f 853/853 869/869 854/854
f 854/854 869/869 870/870
f 854/854 870/870 855/855
f 855/855 870/870 871/871
f 855/855 871/871 856/856
f 856/856 871/871 872/872
f 856/856 872/872 857/857
f 857/857 872/872 873/873
f 857/857 873/873 858/858
f 858/858 873/873 874/874
f 858/858 874/874 859/859
f 859/859 874/874 875/875
f 859/859 875/875 860/860
f 860/860 875/875 876/876
f 860/860 876/876 861/861
f 861/861 876/876 877/877
f 861/861 877/877 862/862
f 862/862 877/877 878/878
f 862/862 878/878 863/863
f 864/864 879/879 880/880
f 864/864 880/880 865/865
f 865/865 880/880 881/881
f 865/865 881/881 866/866
f 866/866 881/881 882/882
f 866/866 882/882 867/867
f 867/867 882/882 883/883
f 867/867 883/883 868/868
f 868/868 883/883 884/884
f 868/868 884/884 869/869
f 869/869 884/884 885/885
f 869/869 885/885 870/870
f 870/870 885/885 886/886
f 870/870 886/886 871/871
f 871/871 886/886 887/887
f 871/871 887/887 872/872
f 872/872 887/887 888/888
f 872/872 888/888 873/873
f 873/873 888/888 889/889
f 873/873 889/889 874/874
f 874/874 889/889 890/890
f 874/874 890/890 875/875
f 875/875 890/890 891/891
f 875/875 891/891 876/876
f 876/876 891/891 892/892
f 876/876 892/892 877/877
f 877/877 892/892 893/893
f 877/877 893/893 878/878
f 879/879 894/894 895/895
f 879/879 895/895 880/880
f 880/880 895/895 896/896
f 880/880 896/896 881/881
f 881/881 896/896 897/897
f 881/881 897/897 882/882
f 882/882 897/897 898/898
f 882/882 898/898 883/883
f 883/883 898/898 899/899
f 883/883 899/899 884/884
f 884/884 899/899 900/900
f 884/884 900/900 885/885
f 885/885 900/900 901/901
f 885/885 901/901 886/886
f 886/886 901/901 902/902
f 886/886 902/902 887/887
f 887/887 902/902 903/903
f 887/887 903/903 888/888
f 888/888 903/903 904/904
f 888/888 904/904 889/889
f 889/889 904/904 905/905
f 889/889 905/905 890/890
f 890/890 905/905 906/906
f 890/890 906/906 891/891
f 891/891 906/906 907/907
f 891/891 907/907 892/892
f 892/892 907/907 908/908
f 892/892 908/908 893/893
f 894/894 909/909 910/910
f 894/894 910/910 895/895
f 895/895 910/910 911/911
f 895/895 911/911 896/896
f 896/896 911/911 912/912
f 896/896 912/912 897/897
f 897/897 912/912 913/913
f 897/897 913/913 898/898
f 898/898 913/913 914/914
f 898/898 914/914 899/899
f 899/899 914/914 915/915
f 899/899 915/915 900/900
f 900/900 915/915 916/916
f 900/900 916/916 901/901
f 901/901 916/916 917/917
f 901/901 917/917 902/902
f 902/902 917/917 918/918
f 902/902 918/918 903/903
f 903/903 918/918 919/919
f 903/903 919/919 904/904
f 904/904 919/919 920/920
f 904/904 920/920 905/905
f 905/905 920/920 921/921
f 905/905 921/921 906/906
f 906/906 921/921 922/922
f 906/906 922/922 907/907
f 907/907 922/922 923/923
f 907/907 923/923 908/908
f 909/909 924/924 925/925
f 909/909 925/925 910/910
f 910/910 925/925 926/926
f 910/910 926/926 911/911
f 911/911 926/926 927/927
f 911/911 927/927 912/912
f 912/912 927/927 928/928
f 912/912 928/928 913/913
f 913/913 928/928 929/929
f 913/913 929/929 914/914
f 914/914 929/929 930/930
f 914/914 930/930 915/915
f 915/915 930/930 931/931
f 915/915 931/931 916/916
f 916/916 931/931 932/932
f 916/916 932/932 917/917
f 917/917 932/932 933/933
f 917/917 933/933 918/918
f 918/918 933/933 934/934
f 918/918 934/934 919/919
f 919/919 934/934 935/935
f 919/919 935/935 920/920
f 920/920 935/935 936/936
f 920/920 936/936 921/921
f 921/921 936/936 937/937
f 921/921 937/937 922/922
f 922/922 937/937 938/938
f 922/922 938/938 923/923
f 924/924 939/939 940/940
f 924/924 940/940 925/925
f 925/925 940/940 941/941
f 925/925 941/941 926/926
f 926/926 941/941 942/942
f 926/926 942/942 927/927
f 927/927 942/942 943/943
f 927/927 943/943 928/928
f 928/928 943/943 944/944
f 928/928 944/944 929/929
f 929/929 944/944 945/945
f 929/929 945/945 930/930
f 930/930 945/945 946/946
f 930/930 946/946 931/931
f 931/931 946/946 947/947
f 931/931 947/947 932/932
f 932/932 947/947 948/948
f 932/932 948/948 933/933
f 933/933 948/948 949/949
f 933/933 949/949 934/934
f 934/934 949/949 950/950
f 934/934 950/950 935/935
f 935/935 950/950 951/951
f 935/935 951/951 936/936
f 936/936 951/951 952/952
f 936/936 952/952 937/937
f 937/937 952/952 953/953
f 937/937 953/953 938/938
f 939/939 954/954 955/955
f 939/939 955/955 940/940
f 940/940 955/955 956/956
f 940/940 956/956 941/941
f 941/941 956/956 957/957
f 941/941 957/957 942/942
f 942/942 957/957 958/958
f 942/942 958/958 943/943
f 943/943 958/958 959/959
f 943/943 959/959 944/944
f 944/944 959/959 960/960
f 944/944 960/960 945/945
f 945/945 960/960 961/961
f 945/945 961/961 946/946
f 946/946 961/961 962/962
f 946/946 962/962 947/947
f 947/947 962/962 963/963
f 947/947 963/963 948/948
f 948/948 963/963 964/964
f 948/948 964/964 949/949
f 949/949 964/964 965/965
f 949/949 965/965 950/950
f 950/950 965/965 966/966
f 950/950 966/966 951/951
f 951/951 966/966 967/967
f 951/951 967/967 952/952
f 952/952 967/967 968/968
f 952/952 968/968 953/953
f 969/969 982/982 983/983
f 969/969 983/983 970/970
f 970/970 983/983 984/984
f 970/970 984/984 971/971
f 971/971 984/984 985/985
f 971/971 985/985 972/972
f 972/972 985/985 986/986
f 972/972 986/986 973/973
f 973/973 986/986 987/987
f 973/973 987/987 974/974
f 974/974 987/987 988/988
f 974/974 988/988 975/975
f 975/975 988/988 989/989
f 975/975 989/989 976/976
f 976/976 989/989 990/990
f 976/976 990/990 977/977
f 977/977 990/990 991/991
f 977/977 991/991 978/978
f 978/978 991/991 992/992
f 978/978 992/992 979/979
f 979/979 992/992 993/993
f 979/979 993/993 980/980
f 980/980 993/993 994/994
f 980/980 994/994 981/981
f 995/995 970/970 969/969
f 995/995 971/971 970/970
f 995/995 972/972 971/971
f 995/995 973/973 972/972
f 995/995 974/974 973/973
f 995/995 975/975 974/974
f 995/995 976/976 975/975
f 995/995 977/977 976/976
f 995/995 978/978 977/977
f 995/995 979/979 978/978
f 995/995 980/980 979/979
f 995/995 981/981 980/980
f 996/996 982/982 983/983
f 996/996 983/983 984/984
f 996/996 984/984 985/985
f 996/996 985/985 986/986
f 996/996 986/986 987/987
f 996/996 987/987 988/988
f 996/996 988/988 989/989
f 996/996 989/989 990/990
f 996/996 990/990 991/991
f 996/996 991/991 992/992
f 996/996 992/992 993/993
f 996/996 993/993 994/994
f 997/997 1012/1012 1013/1013
f 997/997 1013/1013 998/998
f 998/998 1013/1013 1014/1014
f 998/998 1014/1014 999/999
f 999/999 1014/1014 1015/1015
f 999/999 1015/1015 1000/1000
f 1000/1000 1015/1015 1016/1016
f 1000/1000 1016/1016 1001/1001
f 1001/1001 1016/1016 1017/1017
f 1001/1001 1017/1017 1002/1002
f 1002/1002 1017/1017 1018/1018
f 1002/1002 1018/1018 1003/1003
f 1003/1003 1018/1018 1019/1019
f 1003/1003 1019/1019 1004/1004
f 1004/1004 1019/1019 1020/1020
f 1004/1004 1020/1020 1005/1005
f 1005/1005 1020/1020 1021/1021
f 1005/1005 1021/1021 1006/1006
f 1006/1006 1021/1021 1022/1022
f 1006/1006 1022/1022 1007/1007
f 1007/1007 1022/1022 1023/1023
f 1007/1007 1023/1023 1008/1008
f 1008/1008 1023/1023 1024/1024
f 1008/1008 1024/1024 1009/1009
f 1009/1009 1024/1024 1025/1025
f 1009/1009 1025/1025 1010/1010
f 1010/1010 1025/1025 1026/1026
f 1010/1010 1026/1026 1011/1011
f 1012/1012 1027/1027 1028/1028
f 1012/1012 1028/1028 1013/1013
f 1013/1013 1028/1028 1029/1029
f 1013/1013 1029/1029 1014/1014
f 1014/1014 1029/1029 1030/1030
f 1014/1014 1030/1030 1015/1015
f 1015/1015 1030/1030 1031/1031
f 1015/1015 1031/1031 1016/1016
f 1016/1016 1031/1031 1032/1032
f 1016/1016 1032/1032 1017/1017
f 1017/1017 1032/1032 1033/1033
f 1017/1017 1033/1033 1018/1018
f 1018/1018 1033/1033 1034/1034
f 1018/1018 1034/1034 1019/1019
f 1019/1019 1034/1034 1035/1035
f 1019/1019 1035/1035 1020/1020
f 1020/1020 1035/1035 1036/1036
f 1020/1020 1036/1036 1021/1021
f 1021/1021 1036/1036 1037/1037
f 1021/1021 1037/1037 1022/1022
f 1022/1022 1037/1037 1038/1038
f 1022/1022 1038/1038 1023/1023
f 1023/1023 1038/1038 1039/1039
f 1023/1023 1039/1039 1024/1024
f 1024/1024 1039/1039 1040/1040
f 1024/1024 1040/1040 1025/1025
f 1025/1025 1040/1040 1041/1041
f 1025/1025 1041/1041 1026/1026
f 1027/1027 1042/1042 1043/1043
f 1027/1027 1043/1043 1028/1028
f 1028/1028 1043/1043 1044/1044
f 1028/1028 1044/1044 1029/1029
f 1029/1029 1044/1044 1045/1045
f 1029/1029 1045/1045 1030/1030
f 1030/1030 1045/1045 1046/1046
f 1030/1030 1046/1046 1031/1031
f 1031/1031 1046/1046 1047/1047
f 1031/1031 1047/1047 1032/1032
f 1032/1032 1047/1047 1048/1048
f 1032/1032 1048/1048 1033/1033
f 1033/1033 1048/1048 1049/1049
f 1033/1033 1049/1049 1034/1034
f 1034/1034 1049/1049 1050/1050
f 1034/1034 1050/1050 1035/1035
f 1035/1035 1050/1050 1051/1051
f 1035/1035 1051/1051 1036/1036
f 1036/1036 1051/1051 1052/1052
f 1036/1036 1052/1052 1037/1037
f 1037/1037 1052/1052 1053/1053
f 1037/1037 1053/1053 1038/1038
f 1038/1038 1053/1053 1054/1054
f 1038/1038 1054/1054 1039/1039
f 1039/1039 1054/1054 1055/1055
f 1039/1039 1055/1055 1040/1040
f 1040/1040 1055/1055 1056/1056
f 1040/1040 1056/1056 1041/1041
f 1042/1042 1057/1057 1058/1058
f 1042/1042 1058/1058 1043/1043
f 1043/1043 1058/1058 1059/1059
f 1043/1043 1059/1059 1044/1044
f 1044/1044 1059/1059 1060/1060
f 1044/1044 1060/1060 1045/1045
f 1045/1045 1060/1060 1061/1061
f 1045/1045 1061/1061 1046/1046
f 1046/1046 1061/1061 1062/1062
f 1046/1046 1062/1062 1047/1047
f 1047/1047 1062/1062 1063/1063
f 1047/1047 1063/1063 1048/1048
f 1048/1048 1063/1063 1064/1064
f 1048/1048 1064/1064 1049/1049
f 1049/1049 1064/1064 1065/1065
f 1049/1049 1065/1065 1050/1050
f 1050/1050 1065/1065 1066/1066
f 1050/1050 1066/1066 1051/1051
f 1051/1051 1066/1066 1067/1067
f 1051/1051 1067/1067 1052/1052
f 1052/1052 1067/1067 1068/1068
f 1052/1052 1068/1068 1053/1053
f 1053/1053 1068/1068 1069/1069
f 1053/1053 1069/1069 1054/1054
f 1054/1054 1069/1069 1070/1070
f 1054/1054 1070/1070 1055/1055
f 1055/1055 1070/1070 1071/1071
f 1055/1055 1071/1071 1056/1056
f 1057/1057 1072/1072 1073/1073
f 1057/1057 1073/1073 1058/1058
f 1058/1058 1073/1073 1074/1074
f 1058/1058 1074/1074 1059/1059
f 1059/1059 1074/1074 1075/1075
f 1059/1059 1075/1075 1060/1060
f 1060/1060 1075/1075 1076/1076
f 1060/1060 1076/1076 1061/1061
f 1061/1061 1076/1076 1077/1077
f 1061/1061 1077/1077 1062/1062
f 1062/1062 1077/1077 1078/1078
f 1062/1062 1078/1078 1063/1063
f 1063/1063 1078/1078 1079/1079
f 1063/1063 1079/1079 1064/1064
f 1064/1064 1079/1079 1080/1080
f 1064/1064 1080/1080 1065/1065
f 1065/1065 1080/1080 1081/1081
f 1065/1065 1081/1081 1066/1066
f 1066/1066 1081/1081 1082/1082
f 1066/1066 1082/1082 1067/1067
f 1067/1067 1082/1082 1083/1083
f 1067/1067 1083/1083 1068/1068
f 1068/1068 1083/1083 1084/1084
f 1068/1068 1084/1084 1069/1069
f 1069/1069 1084/1084 1085/1085
f 1069/1069 1085/1085 1070/1070
f 1070/1070 1085/1085 1086/1086
f 1070/1070 1086/1086 1071/1071
f 1072/1072 1087/1087 1088/1088
f 1072/1072 1088/1088 1073/1073
f 1073/1073 1088/1088 1089/1089
f 1073/1073 1089/1089 1074/1074
f 1074/1074 1089/1089 1090/1090
f 1074/1074 1090/1090 1075/1075
f 1075/1075 1090/1090 1091/1091
f 1075/1075 1091/1091 1076/1076
f 1076/1076 1091/1091 1092/1092
f 1076/1076 1092/1092 1077/1077
f 1077/1077 1092/1092 1093/1093
f 1077/1077 1093/1093 1078/1078
f 1078/1078 1093/1093 1094/1094
f 1078/1078 1094/1094 1079/1079
f 1079/1079 1094/1094 1095/1095
f 1079/1079 1095/1095 1080/1080
f 1080/1080 1095/1095 1096/1096
f 1080/1080 1096/1096 1081/1081
f 1081/1081 1096/1096 1097/1097
f 1081/1081 1097/1097 1082/1082
f 1082/1082 1097/1097 1098/1098
f 1082/1082 1098/1098 1083/1083
f 1083/1083 1098/1098 1099/1099
f 1083/1083 1099/1099 1084/1084
f 1084/1084 1099/1099 1100/1100
f 1084/1084 1100/1100 1085/1085
f 1085/1085 1100/1100 1101/1101
f 1085/1085 1101/1101 1086/1086
f 1087/1087 1102/1102 1103/1103
f 1087/1087 1103/1103 1088/1088
f 1088/1088 1103/1103 1104/1104
f 1088/1088 1104/1104 1089/1089
f 1089/1089 1104/1104 1105/1105
f 1089/1089 1105/1105 1090/1090
f 1090/1090 1105/1105 1106/1106
f 1090/1090 1106/1106 1091/1091
f 1091/1091 1106/1106 1107/1107
f 1091/1091 1107/1107 1092/1092
f 1092/1092 1107/1107 1108/1108
f 1092/1092 1108/1108 1093/1093
f 1093/1093 1108/1108 1109/1109
f 1093/1093 1109/1109 1094/1094
f 1094/1094 1109/1109 1110/1110
f 1094/1094 1110/1110 1095/1095
f 1095/1095 1110/1110 1111/1111
f 1095/1095 1111/1111 1096/1096
f 1096/1096 1111/1111 1112/1112
f 1096/1096 1112/1112 1097/1097
f 1097/1097 1112/1112 1113/1113
f 1097/1097 1113/1113 1098/1098
f 1098/1098 1113/1113 1114/1114
f 1098/1098 1114/1114 1099/1099
f 1099/1099 1114/1114 1115/1115
f 1099/1099 1115/1115 1100/1100
f 1100/1100 1115/1115 1116/1116
f 1100/1100 1116/1116 1101/1101
f 1102/1102 1117/1117 1118/1118
f 1102/1102 1118/1118 1103/1103
f 1103/1103 1118/1118 1119/1119
f 1103/1103 1119/1119 1104/1104
f 1104/1104 1119/1119 1120/1120
f 1104/1104 1120/1120 1105/1105
f 1105/1105 1120/1120 1121/1121
f 1105/1105 1121/1121 1106/1106
f 1106/1106 1121/1121 1122/1122
f 1106/1106 1122/1122 1107/1107
f 1107/1107 1122/1122 1123/1123
f 1107/1107 1123/1123 1108/1108
f 1108/1108 1123/1123 1124/1124
f 1108/1108 1124/1124 1109/1109
f 1109/1109 1124/1124 1125/1125
f 1109/1109 1125/1125 1110/1110
f 1110/1110 1125/1125 1126/1126
f 1110/1110 1126/1126 1111/1111
f 1111/1111 1126/1126 1127/1127
f 1111/1111 1127/1127 1112/1112
f 1112/1112 1127/1127 1128/1128
f 1112/1112 1128/1128 1113/1113
f 1113/1113 1128/1128 1129/1129
f 1113/1113 1129/1129 1114/1114
f 1114/1114 1129/1129 1130/1130
f 1114/1114 1130/1130 1115/1115
f 1115/1115 1130/1130 1131/1131
f 1115/1115 1131/1131 1116/1116
f 1117/1117 1132/1132 1133/1133
f 1117/1117 1133/1133 1118/1118
f 1118/1118 1133/1133 1134/1134
f 1118/1118 1134/1134 1119/1119
f 1119/1119 1134/1134 1135/1135
f 1119/1119 1135/1135 1120/1120
f 1120/1120 1135/1135 1136/1136
f 1120/1120 1136/1136 1121/1121
f 1121/1121 1136/1136 1137/1137
f 1121/1121 1137/1137 1122/1122
f 1122/1122 1137/1137 1138/1138
f 1122/1122 1138/1138 1123/1123
f 1123/1123 1138/1138 1139/1139
f 1123/1123 1139/1139 1124/1124
f 1124/1124 1139/1139 1140/1140
f 1124/1124 1140/1140 1125/1125
f 1125/1125 1140/1140 1141/1141
f 1125/1125 1141/1141 1126/1126
f 1126/1126 1141/1141 1142/1142
f 1126/1126 1142/1142 1127/1127
f 1127/1127 1142/1142 1143/1143
f 1127/1127 1143/1143 1128/1128
f 1128/1128 1143/1143 1144/1144
f 1128/1128 1144/1144 1129/1129
f 1129/1129 1144/1144 1145/1145
f 1129/1129 1145/1145 1130/1130
f 1130/1130 1145/1145 1146/1146
f 1130/1130 1146/1146 1131/1131
f 1132/1132 1147/1147 1148/1148
f 1132/1132 1148/1148 1133/1133
f 1133/1133 1148/1148 1149/1149
f 1133/1133 1149/1149 1134/1134
f 1134/1134 1149/1149 1150/1150
f 1134/1134 1150/1150 1135/1135
f 1135/1135 1150/1150 1151/1151
f 1135/1135 1151/1151 1136/1136
f 1136/1136 1151/1151 1152/1152
f 1136/1136 1152/1152 1137/1137
f 1137/1137 1152/1152 1153/1153
f 1137/1137 1153/1153 1138/1138
f 1138/1138 1153/1153 1154/1154
f 1138/1138 1154/1154 1139/1139
f 1139/1139 1154/1154 1155/1155
f 1139/1139 1155/1155 1140/1140
f 1140/1140 1155/1155 1156/1156
f 1140/1140 1156/1156 1141/1141
f 1141/1141 1156/1156 1157/1157
f 1141/1141 1157/1157 1142/1142
f 1142/1142 1157/1157 1158/1158
f 1142/1142 1158/1158 1143/1143
f 1143/1143 1158/1158 1159/1159
f 1143/1143 1159/1159 1144/1144
f 1144/1144 1159/1159 1160/1160
f 1144/1144 1160/1160 1145/1145
f 1145/1145 1160/1160 1161/1161
f 1145/1145 1161/1161 1146/1146
f 1162/1162 1175/1175 1176/1176
f 1162/1162 1176/1176 1163/1163
f 1163/1163 1176/1176 1177/1177
f 1163/1163 1177/1177 1164/1164
f 1164/1164 1177/1177 1178/1178
f 1164/1164 1178/1178 1165/1165
f 1165/1165 1178/1178 1179/1179
f 1165/1165 1179/1179 1166/1166
f 1166/1166 1179/1179 1180/1180
f 1166/1166 1180/1180 1167/1167
f 1167/1167 1180/1180 1181/1181
f 1167/1167 1181/1181 1168/1168
f 1168/1168 1181/1181 1182/1182
f 1168/1168 1182/1182 1169/1169
f 1169/1169 1182/1182 1183/1183
f 1169/1169 1183/1183 1170/1170
f 1170/1170 1183/1183 1184/1184
f 1170/1170 1184/1184 1171/1171
f 1171/1171 1184/1184 1185/1185
f 1171/1171 1185/1185 1172/1172
f 1172/1172 1185/1185 1186/1186
f 1172/1172 1186/1186 1173/1173
f 1173/1173 1186/1186 1187/1187
f 1173/1173 1187/1187 1174/1174
f 1188/1188 1163/1163 1162/1162
f 1188/1188 1164/1164 1163/1163
f 1188/1188 1165/1165 1164/1164
f 1188/1188 1166/1166 1165/1165
f 1188/1188 1167/1167 1166/1166
f 1188/1188 1168/1168 1167/1167
f 1188/1188 1169/1169 1168/1168
f 1188/1188 1170/1170 1169/1169
f 1188/1188 1171/1171 1170/1170
f 1188/1188 1172/1172 1171/1171
f 1188/1188 1173/1173 1172/1172
f 1188/1188 1174/1174 1173/1173
f 1189/1189 1175/1175 1176/1176
f 1189/1189 1176/1176 1177/1177
f 1189/1189 1177/1177 1178/1178
f 1189/1189 1178/1178 1179/1179
f 1189/1189 1179/1179 1180/1180
f 1189/1189 1180/1180 1181/1181
f 1189/1189 1181/1181 1182/1182
f 1189/1189 1182/1182 1183/1183
f 1189/1189 1183/1183 1184/1184
f 1189/1189 1184/1184 1185/1185
f 1189/1189 1185/1185 1186/1186
f 1189/1189 1186/1186 1187/1187
f 1190/1190 1205/1205 1206/1206
f 1190/1190 1206/1206 1191/1191
f 1191/1191 1206/1206 1207/1207
f 1191/1191 1207/1207 1192/1192
f 1192/1192 1207/1207 1208/1208
f 1192/1192 1208/1208 1193/1193
f 1193/1193 1208/1208 1209/1209
f 1193/1193 1209/1209 1194/1194
f 1194/1194 1209/1209 1210/1210
f 1194/1194 1210/1210 1195/1195
f 1195/1195 1210/1210 1211/1211
f 1195/1195 1211/1211 1196/1196
f 1196/1196 1211/1211 1212/1212
f 1196/1196 1212/1212 1197/1197
f 1197/1197 1212/1212 1213/1213
f 1197/1197 1213/1213 1198/1198
f 1198/1198 1213/1213 1214/1214
f 1198/1198 1214/1214 1199/1199
f 1199/1199 1214/1214 1215/1215
f 1199/1199 1215/1215 1200/1200
f 1200/1200 1215/1215 1216/1216
f 1200/1200 1216/1216 1201/1201
f 1201/1201 1216/1216 1217/1217
f 1201/1201 1217/1217 1202/1202
f 1202/1202 1217/1217 1218/1218
f 1202/1202 1218/1218 1203/1203
f 1203/1203 1218/1218 1219/1219
f 1203/1203 1219/1219 1204/1204
f 1205/1205 1220/1220 1221/1221
f 1205/1205 1221/1221 1206/1206
f 1206/1206 1221/1221 1222/1222
f 1206/1206 1222/1222 1207/1207
f 1207/1207 1222/1222 1223/1223
f 1207/1207 1223/1223 1208/1208
f 1208/1208 1223/1223 1224/1224
f 1208/1208 1224/1224 1209/1209
f 1209/1209 1224/1224 1225/1225
f 1209/1209 1225/1225 1210/1210
f 1210/1210 1225/1225 1226/1226
f 1210/1210 1226/1226 1211/1211
f 1211/1211 1226/1226 1227/1227
f 1211/1211 1227/1227 1212/1212
f 1212/1212 1227/1227 1228/1228
f 1212/1212 1228/1228 1213/1213
f 1213/1213 1228/1228 1229/1229
f 1213/1213 1229/1229 1214/1214
f 1214/1214 1229/1229 1230/1230
f 1214/1214 1230/1230 1215/1215
f 1215/1215 1230/1230 1231/1231
f 1215/1215 1231/1231 1216/1216
f 1216/1216 1231/1231 1232/1232
f 1216/1216 1232/1232 1217/1217
f 1217/1217 1232/1232 1233/1233
f 1217/1217 1233/1233 1218/1218
f 1218/1218 1233/1233 1234/1234
f 1218/1218 1234/1234 1219/1219
f 1220/1220 1235/1235 1236/1236
f 1220/1220 1236/1236 1221/1221
f 1221/1221 1236/1236 1237/1237
f 1221/1221 1237/1237 1222/1222
f 1222/1222 1237/1237 1238/1238
f 1222/1222 1238/1238 1223/1223
f 1223/1223 1238/1238 1239/1239
f 1223/1223 1239/1239 1224/1224
f 1224/1224 1239/1239 1240/1240
f 1224/1224 1240/1240 1225/1225
f 1225/1225 1240/1240 1241/1241
f 1225/1225 1241/1241 1226/1226
f 1226/1226 1241/1241 1242/1242
f 1226/1226 1242/1242 1227/1227
f 1227/1227 1242/1242 1243/1243
f 1227/1227 1243/1243 1228/1228
f 1228/1228 1243/1243 1244/1244
f 1228/1228 1244/1244 1229/1229
f 1229/1229 1244/1244 1245/1245
f 1229/1229 1245/1245 1230/1230
f 1230/1230 1245/1245 1246/1246
f 1230/1230 1246/1246 1231/1231
f 1231/1231 1246/1246 1247/1247
f 1231/1231 1247/1247 1232/1232
f 1232/1232 1247/1247 1248/1248
f 1232/1232 1248/1248 1233/1233
f 1233/1233 1248/1248 1249/1249
f 1233/1233 1249/1249 1234/1234
f 1235/1235 1250/1250 1251/1251
f 1235/1235 1251/1251 1236/1236
f 1236/1236 1251/1251 1252/1252
f 1236/1236 1252/1252 1237/1237
f 1237/1237 1252/1252 1253/1253
f 1237/1237 1253/1253 1238/1238
f 1238/1238 1253/1253 1254/1254
f 1238/1238 1254/1254 1239/1239
f 1239/1239 1254/1254 1255/1255
f 1239/1239 1255/1255 1240/1240
f 1240/1240 1255/1255 1256/1256
f 1240/1240 1256/1256 1241/1241
f 1241/1241 1256/1256 1257/1257
f 1241/1241 1257/1257 1242/1242
f 1242/1242 1257/1257 1258/1258
f 1242/1242 1258/1258 1243/1243
f 1243/1243 1258/1258 1259/1259
f 1243/1243 1259/1259 1244/1244
f 1244/1244 1259/1259 1260/1260
f 1244/1244 1260/1260 1245/1245
f 1245/1245 1260/1260 1261/1261
f 1245/1245 1261/1261 1246/1246
f 1246/1246 1261/1261 1262/1262
f 1246/1246 1262/1262 1247/1247
f 1247/1247 1262/1262 1263/1263
f 1247/1247 1263/1263 1248/1248
f 1248/1248 1263/1263 1264/1264
f 1248/1248 1264/1264 1249/1249
f 1250/1250 1265/1265 1266/1266
f 1250/1250 1266/1266 1251/1251
f 1251/1251 1266/1266 1267/1267
f 1251/1251 1267/1267 1252/1252
f 1252/1252 1267/1267 1268/1268
f 1252/1252 1268/1268 1253/1253
f 1253/1253 1268/1268 1269/1269
f 1253/1253 1269/1269 1254/1254
f 1254/1254 1269/1269 1270/1270
f 1254/1254 1270/1270 1255/1255
f 1255/1255 1270/1270 1271/1271
f 1255/1255 1271/1271 1256/1256
f 1256/1256 1271/1271 1272/1272
f 1256/1256 1272/1272 1257/1257
f 1257/1257 1272/1272 1273/1273
f 1257/1257 1273/1273 1258/1258
f 1258/1258 1273/1273 1274/1274
f 1258/1258 1274/1274 1259/1259
f 1259/1259 1274/1274 1275/1275
f 1259/1259 1275/1275 1260/1260
f 1260/1260 1275/1275 1276/1276
f 1260/1260 1276/1276 1261/1261
f 1261/1261 1276/1276 1277/1277
f 1261/1261 1277/1277 1262/1262
f 1262/1262 1277/1277 1278/1278
f 1262/1262 1278/1278 1263/1263
f 1263/1263 1278/1278 1279/1279
f 1263/1263 1279/1279 1264/1264
f 1265/1265 1280/1280 1281/1281
f 1265/1265 1281/1281 1266/1266
f 1266/1266 1281/1281 1282/1282
f 1266/1266 1282/1282 1267/1267
f 1267/1267 1282/1282 1283/1283
f 1267/1267 1283/1283 1268/1268
f 1268/1268 1283/1283 1284/1284
f 1268/1268 1284/1284 1269/1269
f 1269/1269 1284/1284 1285/1285
f 1269/1269 1285/1285 1270/1270
f 1270/1270 1285/1285 1286/1286
f 1270/1270 1286/1286 1271/1271
f 1271/1271 1286/1286 1287/1287
f 1271/1271 1287/1287 1272/1272
f 1272/1272 1287/1287 1288/1288
f 1272/1272 1288/1288 1273/1273
f 1273/1273 1288/1288 1289/1289
f 1273/1273 1289/1289 1274/1274
f 1274/1274 1289/1289 1290/1290
f 1274/1274 1290/1290 1275/1275
f 1275/1275 1290/1290 1291/1291
f 1275/1275 1291/1291 1276/1276
f 1276/1276 1291/1291 1292/1292
f 1276/1276 1292/1292 1277/1277
f 1277/1277 1292/1292 1293/1293
f 1277/1277 1293/1293 1278/1278
f 1278/1278 1293/1293 1294/1294
f 1278/1278 1294/1294 1279/1279
f 1280/1280 1295/1295 1296/1296
f 1280/1280 1296/1296 1281/1281
f 1281/1281 1296/1296 1297/1297
f 1281/1281 1297/1297 1282/1282
f 1282/1282 1297/1297 1298/1298
f 1282/1282 1298/1298 1283/1283
f 1283/1283 1298/1298 1299/1299
f 1283/1283 1299/1299 1284/1284
f 1284/1284 1299/1299 1300/1300
f 1284/1284 1300/1300 1285/1285
f 1285/1285 1300/1300 1301/1301
f 1285/1285 1301/1301 1286/1286
f 1286/1286 1301/1301 1302/1302
f 1286/1286 1302/1302 1287/1287
f 1287/1287 1302/1302 1303/1303
f 1287/1287 1303/1303 1288/1288
f 1288/1288 1303/1303 1304/1304
f 1288/1288 1304/1304 1289/1289
f 1289/1289 1304/1304 1305/1305
f 1289/1289 1305/1305 1290/1290
f 1290/1290 1305/1305 1306/1306
f 1290/1290 1306/1306 1291/1291
f 1291/1291 1306/1306 1307/1307
f 1291/1291 1307/1307 1292/1292
f 1292/1292 1307/1307 1308/1308
f 1292/1292 1308/1308 1293/1293
f 1293/1293 1308/1308 1309/1309
f 1293/1293 1309/1309 1294/1294
f 1295/1295 1310/1310 1311/1311
f 1295/1295 1311/1311 1296/1296
f 1296/1296 1311/1311 1312/1312
f 1296/1296 1312/1312 1297/1297
f 1297/1297 1312/1312 1313/1313
f 1297/1297 1313/1313 1298/1298
f 1298/1298 1313/1313 1314/1314
f 1298/1298 1314/1314 1299/1299
f 1299/1299 1314/1314 1315/1315
f 1299/1299 1315/1315 1300/1300
f 1300/1300 1315/1315 1316/1316
f 1300/1300 1316/1316 1301/1301
f 1301/1301 1316/1316 1317/1317
f 1301/1301 1317/1317 1302/1302
f 1302/1302 1317/1317 1318/1318
f 1302/1302 1318/1318 1303/1303
f 1303/1303 1318/1318 1319/1319
f 1303/1303 1319/1319 1304/1304
f 1304/1304 1319/1319 1320/1320
f 1304/1304 1320/1320 1305/1305
f 1305/1305 1320/1320 1321/1321
f 1305/1305 1321/1321 1306/1306
f 1306/1306 1321/1321 1322/1322
f 1306/1306 1322/1322 1307/1307
f 1307/1307 1322/1322 1323/1323
f 1307/1307 1323/1323 1308/1308
f 1308/1308 1323/1323 1324/1324
f 1308/1308 1324/1324 1309/1309
f 1310/1310 1325/1325 1326/1326
f 1310/1310 1326/1326 1311/1311
f 1311/1311 1326/1326 1327/1327
f 1311/1311 1327/1327 1312/1312
f 1312/1312 1327/1327 1328/1328
f 1312/1312 1328/1328 1313/1313
f 1313/1313 1328/1328 1329/1329
f 1313/1313 1329/1329 1314/1314
f 1314/1314 1329/1329 1330/1330
f 1314/1314 1330/1330 1315/1315
f 1315/1315 1330/1330 1331/1331
f 1315/1315 1331/1331 1316/1316
f 1316/1316 1331/1331 1332/1332
f 1316/1316 1332/1332 1317/1317
f 1317/1317 1332/1332 1333/1333
f 1317/1317 1333/1333 1318/1318
f 1318/1318 1333/1333 1334/1334
f 1318/1318 1334/1334 1319/1319
f 1319/1319 1334/1334 1335/1335
f 1319/1319 1335/1335 1320/1320
f 1320/1320 1335/1335 1336/1336
f 1320/1320 1336/1336 1321/1321
f 1321/1321 1336/1336 1337/1337
f 1321/1321 1337/1337 1322/1322
f 1322/1322 1337/1337 1338/1338
f 1322/1322 1338/1338 1323/1323
f 1323/1323 1338/1338 1339/1339
f 1323/1323 1339/1339 1324/1324
f 1325/1325 1340/1340 1341/1341
f 1325/1325 1341/1341 1326/1326
f 1326/1326 1341/1341 1342/1342
f 1326/1326 1342/1342 1327/1327
f 1327/1327 1342/1342 1343/1343
f 1327/1327 1343/1343 1328/1328
f 1328/1328 1343/1343 1344/1344
f 1328/1328 1344/1344 1329/1329
f 1329/1329 1344/1344 1345/1345
f 1329/1329 1345/1345 1330/1330
f 1330/1330 1345/1345 1346/1346
f 1330/1330 1346/1346 1331/1331
f 1331/1331 1346/1346 1347/1347
f 1331/1331 1347/1347 1332/1332
f 1332/1332 1347/1347 1348/1348
f 1332/1332 1348/1348 1333/1333
f 1333/1333 1348/1348 1349/1349
f 1333/1333 1349/1349 1334/1334
f 1334/1334 1349/1349 1350/1350
f 1334/1334 1350/1350 1335/1335
f 1335/1335 1350/1350 1351/1351
f 1335/1335 1351/1351 1336/1336
f 1336/1336 1351/1351 1352/1352
f 1336/1336 1352/1352 1337/1337
f 1337/1337 1352/1352 1353/1353
f 1337/1337 1353/1353 1338/1338
f 1338/1338 1353/1353 1354/1354
f 1338/1338 1354/1354 1339/1339
f 1355/1355 1368/1368 1369/1369
f 1355/1355 1369/1369 1356/1356
f 1356/1356 1369/1369 1370/1370
f 1356/1356 1370/1370 1357/1357
f 1357/1357 1370/1370 1371/1371
f 1357/1357 1371/1371 1358/1358
f 1358/1358 1371/1371 1372/1372
f 1358/1358 1372/1372 1359/1359
f 1359/1359 1372/1372 1373/1373
f 1359/1359 1373/1373 1360/1360
f 1360/1360 1373/1373 1374/1374
f 1360/1360 1374/1374 1361/1361
f 1361/1361 1374/1374 1375/1375
f 1361/1361 1375/1375 1362/1362
f 1362/1362 1375/1375 1376/1376
f 1362/1362 1376/1376 1363/1363
f 1363/1363 1376/1376 1377/1377
f 1363/1363 1377/1377 1364/1364
f 1364/1364 1377/1377 1378/1378
f 1364/1364 1378/1378 1365/1365
f 1365/1365 1378/1378 1379/1379
f 1365/1365 1379/1379 1366/1366
f 1366/1366 1379/1379 1380/1380
f 1366/1366 1380/1380 1367/1367
f 1381/1381 1356/1356 1355/1355
f 1381/1381 1357/1357 1356/1356
f 1381/1381 1358/1358 1357/1357
f 1381/1381 1359/1359 1358/1358
f 1381/1381 1360/1360 1359/1359
f 1381/1381 1361/1361 1360/1360
f 1381/1381 1362/1362 1361/1361
f 1381/1381 1363/1363 1362/1362
f 1381/1381 1364/1364 1363/1363
f 1381/1381 1365/1365 1364/1364
f 1381/1381 1366/1366 1365/1365
f 1381/1381 1367/1367 1366/1366
f 1382/1382 1368/1368 1369/1369
f 1382/1382 1369/1369 1370/1370
f 1382/1382 1370/1370 1371/1371
f 1382/1382 1371/1371 1372/1372
f 1382/1382 1372/1372 1373/1373
f 1382/1382 1373/1373 1374/1374
f 1382/1382 1374/1374 1375/1375
f 1382/1382 1375/1375 1376/1376
f 1382/1382 1376/1376 1377/1377
f 1382/1382 1377/1377 1378/1378
f 1382/1382 1378/1378 1379/1379
f 1382/1382 1379/1379 1380/1380
f 1383/1383 1398/1398 1399/1399
f 1383/1383 1399/1399 1384/1384
f 1384/1384 1399/1399 1400/1400
f 1384/1384 1400/1400 1385/1385
f 1385/1385 1400/1400 1401/1401
f 1385/1385 1401/1401 1386/1386
f 1386/1386 1401/1401 1402/1402
f 1386/1386 1402/1402 1387/1387
f 1387/1387 1402/1402 1403/1403
f 1387/1387 1403/1403 1388/1388
f 1388/1388 1403/1403 1404/1404
f 1388/1388 1404/1404 1389/1389
f 1389/1389 1404/1404 1405/1405
f 1389/1389 1405/1405 1390/1390
f 1390/1390 1405/1405 1406/1406
f 1390/1390 1406/1406 1391/1391
f 1391/1391 1406/1406 1407/1407
f 1391/1391 1407/1407 1392/1392
f 1392/1392 1407/1407 1408/1408
f 1392/1392 1408/1408 1393/1393
f 1393/1393 1408/1408 1409/1409
f 1393/1393 1409/1409 1394/1394
f 1394/1394 1409/1409 1410/1410
f 1394/1394 1410/1410 1395/1395
f 1395/1395 1410/1410 1411/1411
f 1395/1395 1411/1411 1396/1396
f 1396/1396 1411/1411 1412/1412
f 1396/1396 1412/1412 1397/1397
f 1398/1398 1413/1413 1414/1414
f 1398/1398 1414/1414 1399/1399
f 1399/1399 1414/1414 1415/1415
f 1399/1399 1415/1415 1400/1400
f 1400/1400 1415/1415 1416/1416
f 1400/1400 1416/1416 1401/1401
f 1401/1401 1416/1416 1417/1417
f 1401/1401 1417/1417 1402/1402
f 1402/1402 1417/1417 1418/1418
f 1402/1402 1418/1418 1403/1403
f 1403/1403 1418/1418 1419/1419
f 1403/1403 1419/1419 1404/1404
f 1404/1404 1419/1419 1420/1420
f 1404/1404 1420/1420 1405/1405
f 1405/1405 1420/1420 1421/1421
f 1405/1405 1421/1421 1406/1406
f 1406/1406 1421/1421 1422/1422
f 1406/1406 1422/1422 1407/1407
f 1407/1407 1422/1422 1423/1423
f 1407/1407 1423/1423 1408/1408
f 1408/1408 1423/1423 1424/1424
f 1408/1408 1424/1424 1409/1409
f 1409/1409 1424/1424 1425/1425
f 1409/1409 1425/1425 1410/1410
f 1410/1410 1425/1425 1426/1426
f 1410/1410 1426/1426 1411/1411
f 1411/1411 1426/1426 1427/1427
f 1411/1411 1427/1427 1412/1412
f 1413/1413 1428/1428 1429/1429
f 1413/1413 1429/1429 1414/1414
f 1414/1414 1429/1429 1430/1430
f 1414/1414 1430/1430 1415/1415
f 1415/1415 1430/1430 1431/1431
f 1415/1415 1431/1431 1416/1416
f 1416/1416 1431/1431 1432/1432
f 1416/1416 1432/1432 1417/1417
f 1417/1417 1432/1432 1433/1433
f 1417/1417 1433/1433 1418/1418
f 1418/1418 1433/1433 1434/1434
f 1418/1418 1434/1434 1419/1419
f 1419/1419 1434/1434 1435/1435
f 1419/1419 1435/1435 1420/1420
f 1420/1420 1435/1435 1436/1436
f 1420/1420 1436/1436 1421/1421
f 1421/1421 1436/1436 1437/1437
f 1421/1421 1437/1437 1422/1422
f 1422/1422 1437/1437 1438/1438
f 1422/1422 1438/1438 1423/1423
f 1423/1423 1438/1438 1439/1439
f 1423/1423 1439/1439 1424/1424
f 1424/1424 1439/1439 1440/1440
f 1424/1424 1440/1440 1425/1425
f 1425/1425 1440/1440 1441/1441
f 1425/1425 1441/1441 1426/1426
f 1426/1426 1441/1441 1442/1442
f 1426/1426 1442/1442 1427/1427
f 1428/1428 1443/1443 1444/1444
f 1428/1428 1444/1444 1429/1429
f 1429/1429 1444/1444 1445/1445
f 1429/1429 1445/1445 1430/1430
f 1430/1430 1445/1445 1446/1446
f 1430/1430 1446/1446 1431/1431
f 1431/1431 1446/1446 1447/1447
f 1431/1431 1447/1447 1432/1432
f 1432/1432 1447/1447 1448/1448
f 1432/1432 1448/1448 1433/1433
f 1433/1433 1448/1448 1449/1449
f 1433/1433 1449/1449 1434/1434
f 1434/1434 1449/1449 1450/1450
f 1434/1434 1450/1450 1435/1435
f 1435/1435 1450/1450 1451/1451
f 1435/1435 1451/1451 1436/1436
f 1436/1436 1451/1451 1452/1452
f 1436/1436 1452/1452 1437/1437
f 1437/1437 1452/1452 1453/1453
f 1437/1437 1453/1453 1438/1438
f 1438/1438 1453/1453 1454/1454
f 1438/1438 1454/1454 1439/1439
f 1439/1439 1454/1454 1455/1455
f 1439/1439 1455/1455 1440/1440
f 1440/1440 1455/1455 1456/1456
f 1440/1440 1456/1456 1441/1441
f 1441/1441 1456/1456 1457/1457
f 1441/1441 1457/1457 1442/1442
f 1443/1443 1458/1458 1459/1459
f 1443/1443 1459/1459 1444/1444
f 1444/1444 1459/1459 1460/1460
f 1444/1444 1460/1460 1445/1445
f 1445/1445 1460/1460 1461/1461
f 1445/1445 1461/1461 1446/1446
f 1446/1446 1461/1461 1462/1462
f 1446/1446 1462/1462 1447/1447
f 1447/1447 1462/1462 1463/1463
f 1447/1447 1463/1463 1448/1448
f 1448/1448 1463/1463 1464/1464
f 1448/1448 1464/1464 1449/1449
f 1449/1449 1464/1464 1465/1465
f 1449/1449 1465/1465 1450/1450
f 1450/1450 1465/1465 1466/1466
f 1450/1450 1466/1466 1451/1451
f 1451/1451 1466/1466 1467/1467
f 1451/1451 1467/1467 1452/1452
f 1452/1452 1467/1467 1468/1468
f 1452/1452 1468/1468 1453/1453
f 1453/1453 1468/1468 1469/1469
f 1453/1453 1469/1469 1454/1454
f 1454/1454 1469/1469 1470/1470
f 1454/1454 1470/1470 1455/1455
f 1455/1455 1470/1470 1471/1471
f 1455/1455 1471/1471 1456/1456
f 1456/1456 1471/1471 1472/1472
f 1456/1456 1472/1472 1457/1457
f 1458/1458 1473/1473 1474/1474
f 1458/1458 1474/1474 1459/1459
f 1459/1459 1474/1474 1475/1475
f 1459/1459 1475/1475 1460/1460
f 1460/1460 1475/1475 1476/1476
f 1460/1460 1476/1476 1461/1461
f 1461/1461 1476/1476 1477/1477
f 1461/1461 1477/1477 1462/1462
f 1462/1462 1477/1477 1478/1478
f 1462/1462 1478/1478 1463/1463
f 1463/1463 1478/1478 1479/1479
f 1463/1463 1479/1479 1464/1464
f 1464/1464 1479/1479 1480/1480
f 1464/1464 1480/1480 1465/1465
f 1465/1465 1480/1480 1481/1481
f 1465/1465 1481/1481 1466/1466
f 1466/1466 1481/1481 1482/1482
f 1466/1466 1482/1482 1467/1467
f 1467/1467 1482/1482 1483/1483
f 1467/1467 1483/1483 1468/1468
f 1468/1468 1483/1483 1484/1484
f 1468/1468 1484/1484 1469/1469
f 1469/1469 1484/1484 1485/1485
f 1469/1469 1485/1485 1470/1470
f 1470/1470 1485/1485 1486/1486
f 1470/1470 1486/1486 1471/1471
f 1471/1471 1486/1486 1487/1487
f 1471/1471 1487/1487 1472/1472
f 1473/1473 1488/1488 1489/1489
f 1473/1473 1489/1489 1474/1474
f 1474/1474 1489/1489 1490/1490
f 1474/1474 1490/1490 1475/1475
f 1475/1475 1490/1490 1491/1491
f 1475/1475 1491/1491 1476/1476
f 1476/1476 1491/1491 1492/1492
f 1476/1476 1492/1492 1477/1477
f 1477/1477 1492/1492 1493/1493
f 1477/1477 1493/1493 1478/1478
f 1478/1478 1493/1493 1494/1494
f 1478/1478 1494/1494 1479/1479
f 1479/1479 1494/1494 1495/1495
f 1479/1479 1495/1495 1480/1480
f 1480/1480 1495/1495 1496/1496
f 1480/1480 1496/1496 1481/1481
f 1481/1481 1496/1496 1497/1497
f 1481/1481 1497/1497 1482/1482
f 1482/1482 1497/1497 1498/1498
f 1482/1482 1498/1498 1483/1483
f 1483/1483 1498/1498 1499/1499
f 1483/1483 1499/1499 1484/1484
f 1484/1484 1499/1499 1500/1500
f 1484/1484 1500/1500 1485/1485
f 1485/1485 1500/1500 1501/1501
f 1485/1485 1501/1501 1486/1486
f 1486/1486 1501/1501 1502/1502
f 1486/1486 1502/1502 1487/1487
f 1488/1488 1503/1503 1504/1504
f 1488/1488 1504/1504 1489/1489
f 1489/1489 1504/1504 1505/1505
f 1489/1489 1505/1505 1490/1490
f 1490/1490 1505/1505 1506/1506
f 1490/1490 1506/1506 1491/1491
f 1491/1491 1506/1506 1507/1507
f 1491/1491 1507/1507 1492/1492
f 1492/1492 1507/1507 1508/1508
f 1492/1492 1508/1508 1493/1493
f 1493/1493 1508/1508 1509/1509
f 1493/1493 1509/1509 1494/1494
f 1494/1494 1509/1509 1510/1510
f 1494/1494 1510/1510 1495/1495
f 1495/1495 1510/1510 1511/1511
f 1495/1495 1511/1511 1496/1496
f 1496/1496 1511/1511 1512/1512
f 1496/1496 1512/1512 1497/1497
f 1497/1497 1512/1512 1513/1513
f 1497/1497 1513/1513 1498/1498
f 1498/1498 1513/1513 1514/1514
f 1498/1498 1514/1514 1499/1499
f 1499/1499 1514/1514 1515/1515
f 1499/1499 1515/1515 1500/1500
f 1500/1500 1515/1515 1516/1516
f 1500/1500 1516/1516 1501/1501
f 1501/1501 1516/1516 1517/1517
f 1501/1501 1517/1517 1502/1502
f 1503/1503 1518/1518 1519/1519
f 1503/1503 1519/1519 1504/1504
f 1504/1504 1519/1519 1520/1520
f 1504/1504 1520/1520 1505/1505
f 1505/1505 1520/1520 1521/1521
f 1505/1505 1521/1521 1506/1506
f 1506/1506 1521/1521 1522/1522
f 1506/1506 1522/1522 1507/1507
f 1507/1507 1522/1522 1523/1523
f 1507/1507 1523/1523 1508/1508
f 1508/1508 1523/1523 1524/1524
f 1508/1508 1524/1524 1509/1509
f 1509/1509 1524/1524 1525/1525
f 1509/1509 1525/1525 1510/1510
f 1510/1510 1525/1525 1526/1526
f 1510/1510 1526/1526 1511/1511
f 1511/1511 1526/1526 1527/1527
f 1511/1511 1527/1527 1512/1512
f 1512/1512 1527/1527 1528/1528
f 1512/1512 1528/1528 1513/1513
f 1513/1513 1528/1528 1529/1529
f 1513/1513 1529/1529 1514/1514
f 1514/1514 1529/1529 1530/1530
f 1514/1514 1530/1530 1515/1515
f 1515/1515 1530/1530 1531/1531
f 1515/1515 1531/1531 1516/1516
f 1516/1516 1531/1531 1532/1532
f 1516/1516 1532/1532 1517/1517
f 1518/1518 1533/1533 1534/1534
f 1518/1518 1534/1534 1519/1519
f 1519/1519 1534/1534 1535/1535
f 1519/1519 1535/1535 1520/1520
f 1520/1520 1535/1535 1536/1536
f 1520/1520 1536/1536 1521/1521
f 1521/1521 1536/1536 1537/1537
f 1521/1521 1537/1537 1522/1522
f 1522/1522 1537/1537 1538/1538
f 1522/1522 1538/1538 1523/1523
f 1523/1523 1538/1538 1539/1539
f 1523/1523 1539/1539 1524/1524
f 1524/1524 1539/1539 1540/1540
f 1524/1524 1540/1540 1525/1525
f 1525/1525 1540/1540 1541/1541
f 1525/1525 1541/1541 1526/1526
f 1526/1526 1541/1541 1542/1542
f 1526/1526 1542/1542 1527/1527
f 1527/1527 1542/1542 1543/1543
f 1527/1527 1543/1543 1528/1528
f 1528/1528 1543/1543 1544/1544
f 1528/1528 1544/1544 1529/1529
f 1529/1529 1544/1544 1545/1545
f 1529/1529 1545/1545 1530/1530
f 1530/1530 1545/1545 1546/1546
f 1530/1530 1546/1546 1531/1531
f 1531/1531 1546/1546 1547/1547
f 1531/1531 1547/1547 1532/1532
f 1548/1548 1563/1563 1564/1564
f 1548/1548 1564/1564 1549/1549
f 1549/1549 1564/1564 1565/1565
f 1549/1549 1565/1565 1550/1550
f 1550/1550 1565/1565 1566/1566
f 1550/1550 1566/1566 1551/1551
f 1551/1551 1566/1566 1567/1567
f 1551/1551 1567/1567 1552/1552
f 1552/1552 1567/1567 1568/1568
f 1552/1552 1568/1568 1553/1553
f 1553/1553 1568/1568 1569/1569
f 1553/1553 1569/1569 1554/1554
f 1554/1554 1569/1569 1570/1570
f 1554/1554 1570/1570 1555/1555
f 1555/1555 1570/1570 1571/1571
f 1555/1555 1571/1571 1556/1556
f 1556/1556 1571/1571 1572/1572
f 1556/1556 1572/1572 1557/1557
f 1557/1557 1572/1572 1573/1573
f 1557/1557 1573/1573 1558/1558
f 1558/1558 1573/1573 1574/1574
f 1558/1558 1574/1574 1559/1559
f 1559/1559 1574/1574 1575/1575
f 1559/1559 1575/1575 1560/1560
f 1560/1560 1575/1575 1576/1576
f 1560/1560 1576/1576 1561/1561
f 1561/1561 1576/1576 1577/1577
f 1561/1561 1577/1577 1562/1562
f 1563/1563 1578/1578 1579/1579
f 1563/1563 1579/1579 1564/1564
f 1564/1564 1579/1579 1580/1580
f 1564/1564 1580/1580 1565/1565
f 1565/1565 1580/1580 1581/1581
f 1565/1565 1581/1581 1566/1566
f 1566/1566 1581/1581 1582/1582
f 1566/1566 1582/1582 1567/1567
f 1567/1567 1582/1582 1583/1583
f 1567/1567 1583/1583 1568/1568
f 1568/1568 1583/1583 1584/1584
f 1568/1568 1584/1584 1569/1569
f 1569/1569 1584/1584 1585/1585
f 1569/1569 1585/1585 1570/1570
f 1570/1570 1585/1585 1586/1586
f 1570/1570 1586/1586 1571/1571
f 1571/1571 1586/1586 1587/1587
f 1571/1571 1587/1587 1572/1572
f 1572/1572 1587/1587 1588/1588
f 1572/1572 1588/1588 1573/1573
f 1573/1573 1588/1588 1589/1589
f 1573/1573 1589/1589 1574/1574
f 1574/1574 1589/1589 1590/1590
f 1574/1574 1590/1590 1575/1575
f 1575/1575 1590/1590 1591/1591
f 1575/1575 1591/1591 1576/1576
f 1576/1576 1591/1591 1592/1592
f 1576/1576 1592/1592 1577/1577
f 1578/1578 1593/1593 1594/1594
f 1578/1578 1594/1594 1579/1579
f 1579/1579 1594/1594 1595/1595
f 1579/1579 1595/1595 1580/1580
f 1580/1580 1595/1595 1596/1596
f 1580/1580 1596/1596 1581/1581
f 1581/1581 1596/1596 1597/1597
f 1581/1581 1597/1597 1582/1582
f 1582/1582 1597/1597 1598/1598
f 1582/1582 1598/1598 1583/1583
f 1583/1583 1598/1598 1599/1599
f 1583/1583 1599/1599 1584/1584
f 1584/1584 1599/1599 1600/1600
f 1584/1584 1600/1600 1585/1585
f 1585/1585 1600/1600 1601/1601
f 1585/1585 1601/1601 1586/1586
f 1586/1586 1601/1601 1602/1602
f 1586/1586 1602/1602 1587/1587
f 1587/1587 1602/1602 1603/1603
f 1587/1587 1603/1603 1588/1588
f 1588/1588 1603/1603 1604/1604
f 1588/1588 1604/1604 1589/1589
f 1589/1589 1604/1604 1605/1605
f 1589/1589 1605/1605 1590/1590
f 1590/1590 1605/1605 1606/1606
f 1590/1590 1606/1606 1591/1591
f 1591/1591 1606/1606 1607/1607
f 1591/1591 1607/1607 1592/1592
f 1593/1593 1608/1608 1609/1609
f 1593/1593 1609/1609 1594/1594
f 1594/1594 1609/1609 1610/1610
f 1594/1594 1610/1610 1595/1595
f 1595/1595 1610/1610 1611/1611
f 1595/1595 1611/1611 1596/1596
f 1596/1596 1611/1611 1612/1612
f 1596/1596 1612/1612 1597/1597
f 1597/1597 1612/1612 1613/1613
f 1597/1597 1613/1613 1598/1598
f 1598/1598 1613/1613 1614/1614
f 1598/1598 1614/1614 1599/1599
f 1599/1599 1614/1614 1615/1615
f 1599/1599 1615/1615 1600/1600
f 1600/1600 1615/1615 1616/1616
f 1600/1600 1616/1616 1601/1601
f 1601/1601 1616/1616 1617/1617
f 1601/1601 1617/1617 1602/1602
f 1602/1602 1617/1617 1618/1618
f 1602/1602 1618/1618 1603/1603
f 1603/1603 1618/1618 1619/1619
f 1603/1603 1619/1619 1604/1604
f 1604/1604 1619/1619 1620/1620
f 1604/1604 1620/1620 1605/1605
f 1605/1605 1620/1620 1621/1621
f 1605/1605 1621/1621 1606/1606
f 1606/1606 1621/1621 1622/1622
f 1606/1606 1622/1622 1607/1607
